{"v":"4.8.0","meta":{"g":"LottieFiles AE 2.0.4","a":"","k":"","d":"","tc":""},"fr":60,"ip":242,"op":391,"w":350,"h":350,"nm":"rev3","ddd":0,"assets":[],"layers":[{"ddd":0,"ind":1,"ty":3,"nm":"Null 2","sr":1,"ks":{"o":{"a":0,"k":0,"ix":11},"r":{"a":0,"k":0,"ix":10},"p":{"a":1,"k":[{"i":{"x":0.667,"y":1},"o":{"x":0.333,"y":0},"t":92,"s":[175,-56,0],"to":[0,8.333,0],"ti":[0,-1.167,0]},{"i":{"x":0.667,"y":1},"o":{"x":0.333,"y":0},"t":134,"s":[175,-6,0],"to":[0,0.495,0],"ti":[0,-1.167,0]},{"i":{"x":0.667,"y":1},"o":{"x":0.333,"y":0},"t":149,"s":[175,-6,0],"to":[0,0.495,0],"ti":[0,0,0]},{"i":{"x":0.667,"y":0.667},"o":{"x":0.333,"y":0.333},"t":185,"s":[175,-69,0],"to":[0,0,0],"ti":[0,0,0]},{"i":{"x":0.336,"y":1},"o":{"x":0.333,"y":0},"t":192,"s":[175,-69,0],"to":[0,0,0],"ti":[0,-0.167,0]},{"t":238,"s":[175,-68,0]}],"ix":2},"a":{"a":0,"k":[50,50,0],"ix":1},"s":{"a":0,"k":[100,100,100],"ix":6}},"ao":0,"ip":30,"op":510,"st":30,"bm":0},{"ddd":0,"ind":3,"ty":4,"nm":"Shape Layer 8","sr":1,"ks":{"o":{"a":0,"k":100,"ix":11},"r":{"a":0,"k":0,"ix":10},"p":{"a":0,"k":[179,163.5,0],"ix":2},"a":{"a":0,"k":[-160.5,-80.5,0],"ix":1},"s":{"a":0,"k":[90,90,100],"ix":6}},"ao":0,"shapes":[{"ty":"gr","it":[{"d":1,"ty":"el","s":{"a":0,"k":[45,45],"ix":2},"p":{"a":0,"k":[0,0],"ix":3},"nm":"Ellipse Path 1","mn":"ADBE Vector Shape - Ellipse","hd":false},{"ty":"st","c":{"a":0,"k":[0.486274540424,0.337254911661,0.98431378603,1],"ix":3},"o":{"a":0,"k":100,"ix":4},"w":{"a":0,"k":5,"ix":5},"lc":2,"lj":2,"bm":0,"nm":"Stroke 1","mn":"ADBE Vector Graphic - Stroke","hd":false},{"ty":"tr","p":{"a":0,"k":[-160.5,-80.5],"ix":2},"a":{"a":0,"k":[0,0],"ix":1},"s":{"a":0,"k":[100,100],"ix":3},"r":{"a":0,"k":0,"ix":6},"o":{"a":0,"k":100,"ix":7},"sk":{"a":0,"k":0,"ix":4},"sa":{"a":0,"k":0,"ix":5},"nm":"Transform"}],"nm":"Ellipse 1","np":2,"cix":2,"bm":0,"ix":1,"mn":"ADBE Vector Group","hd":false},{"ty":"tm","s":{"a":0,"k":0,"ix":1},"e":{"a":1,"k":[{"i":{"x":[0.33],"y":[1]},"o":{"x":[0.415],"y":[0.189]},"t":266,"s":[0]},{"t":343,"s":[100]}],"ix":2},"o":{"a":0,"k":0,"ix":3},"m":1,"ix":2,"nm":"Trim Paths 1","mn":"ADBE Vector Filter - Trim","hd":false}],"ip":266,"op":478,"st":87,"bm":0},{"ddd":0,"ind":4,"ty":4,"nm":"Shape Layer 7","sr":1,"ks":{"o":{"a":1,"k":[{"i":{"x":[0.667],"y":[1]},"o":{"x":[0.333],"y":[0]},"t":243,"s":[0]},{"t":246,"s":[100]}],"ix":11},"r":{"a":0,"k":0,"ix":10},"p":{"a":0,"k":[179,163.5,0],"ix":2},"a":{"a":0,"k":[-160.5,-80.5,0],"ix":1},"s":{"a":1,"k":[{"i":{"x":[0.194,0.194,0.667],"y":[1,1,1]},"o":{"x":[0.558,0.558,0.333],"y":[0,0,0]},"t":242,"s":[34,34,100]},{"t":266,"s":[90,90,100]}],"ix":6}},"ao":0,"shapes":[{"ty":"gr","it":[{"d":1,"ty":"el","s":{"a":0,"k":[45,45],"ix":2},"p":{"a":0,"k":[0,0],"ix":3},"nm":"Ellipse Path 1","mn":"ADBE Vector Shape - Ellipse","hd":false},{"ty":"st","c":{"a":0,"k":[0.875675499439,0.84668970108,0.972549021244,1],"ix":3},"o":{"a":0,"k":100,"ix":4},"w":{"a":0,"k":5,"ix":5},"lc":1,"lj":1,"ml":4,"bm":0,"nm":"Stroke 1","mn":"ADBE Vector Graphic - Stroke","hd":false},{"ty":"tr","p":{"a":0,"k":[-160.5,-80.5],"ix":2},"a":{"a":0,"k":[0,0],"ix":1},"s":{"a":0,"k":[100,100],"ix":3},"r":{"a":0,"k":0,"ix":6},"o":{"a":0,"k":100,"ix":7},"sk":{"a":0,"k":0,"ix":4},"sa":{"a":0,"k":0,"ix":5},"nm":"Transform"}],"nm":"Ellipse 1","np":2,"cix":2,"bm":0,"ix":1,"mn":"ADBE Vector Group","hd":false}],"ip":242,"op":478,"st":87,"bm":0},{"ddd":0,"ind":7,"ty":4,"nm":"payment Outlines","parent":1,"sr":1,"ks":{"o":{"a":0,"k":100,"ix":11},"r":{"a":1,"k":[{"i":{"x":[0.197],"y":[1]},"o":{"x":[0.328],"y":[0]},"t":41,"s":[56.341]},{"t":92,"s":[0]}],"ix":10},"p":{"a":1,"k":[{"i":{"x":0.222,"y":1},"o":{"x":0.372,"y":0.135},"t":41,"s":[289.093,482.575,0],"to":[-24.833,-60,0],"ti":[52.407,-3.575,0]},{"t":92,"s":[63.093,354.575,0]}],"ix":2},"a":{"a":0,"k":[175,175,0],"ix":1},"s":{"a":0,"k":[95.731,95.731,100],"ix":6}},"ao":0,"shapes":[{"ty":"gr","it":[{"ind":0,"ty":"sh","ix":1,"ks":{"a":0,"k":{"i":[[-34.529,42.652],[0,0],[3.915,-6.593],[0,0],[-2.323,-10.543],[0,0],[0,0],[0,0],[1.434,3.414],[0,0]],"o":[[0,0],[2.066,7.384],[0,0],[-5.513,9.283],[0,0],[0,0],[0,0],[-0.504,-3.669],[0,0],[31.323,4.061]],"v":[[51.917,-89.509],[66.097,-38.837],[63.201,-16.953],[43.285,16.581],[38.322,47.438],[43.982,89.509],[-29.6,89.32],[-35.758,34.291],[-38.678,23.621],[-68.163,-46.605]],"c":true},"ix":2},"nm":"Path 1","mn":"ADBE Vector Shape - Group","hd":false},{"ty":"fl","c":{"a":0,"k":[0.917647118662,0.541176470588,0.490196108351,1],"ix":4},"o":{"a":0,"k":100,"ix":5},"r":1,"bm":0,"nm":"Fill 1","mn":"ADBE Vector Graphic - Fill","hd":false},{"ty":"tr","p":{"a":0,"k":[175.235,235.624],"ix":2},"a":{"a":0,"k":[0,0],"ix":1},"s":{"a":0,"k":[100,100],"ix":3},"r":{"a":0,"k":0,"ix":6},"o":{"a":0,"k":100,"ix":7},"sk":{"a":0,"k":0,"ix":4},"sa":{"a":0,"k":0,"ix":5},"nm":"Transform"}],"nm":"Group 1","np":2,"cix":2,"bm":0,"ix":1,"mn":"ADBE Vector Group","hd":false},{"ty":"gr","it":[{"ind":0,"ty":"sh","ix":1,"ks":{"a":0,"k":{"i":[[2.03,12.884],[-4.351,5.955],[-1.738,-0.943],[-0.024,-0.401],[-0.676,-6.095],[0.037,-2.893]],"o":[[1.734,-9.954],[1.207,-1.652],[0.353,0.191],[0.099,1.619],[0.87,7.849],[-0.111,8.63]],"v":[[-11.939,9.331],[3.356,-20.1],[8.522,-21.272],[9.129,-20.324],[9.549,-7.682],[11.902,6.611]],"c":true},"ix":2},"nm":"Path 1","mn":"ADBE Vector Shape - Group","hd":false},{"ty":"fl","c":{"a":0,"k":[0.917647118662,0.541176470588,0.490196108351,1],"ix":4},"o":{"a":0,"k":100,"ix":5},"r":1,"bm":0,"nm":"Fill 1","mn":"ADBE Vector Graphic - Fill","hd":false},{"ty":"tr","p":{"a":0,"k":[110.473,146.138],"ix":2},"a":{"a":0,"k":[0,0],"ix":1},"s":{"a":0,"k":[100,100],"ix":3},"r":{"a":0,"k":0,"ix":6},"o":{"a":0,"k":100,"ix":7},"sk":{"a":0,"k":0,"ix":4},"sa":{"a":0,"k":0,"ix":5},"nm":"Transform"}],"nm":"Group 2","np":2,"cix":2,"bm":0,"ix":2,"mn":"ADBE Vector Group","hd":false},{"ty":"gr","it":[{"ind":0,"ty":"sh","ix":1,"ks":{"a":0,"k":{"i":[[-14.654,7.935],[-13.868,11.883],[-1.153,2.547],[-1.394,-0.37],[3.11,-8.459],[11.589,-11.803],[0.694,-1.321]],"o":[[22.715,-12.3],[2.117,-1.813],[3.059,-6.764],[4.803,1.279],[-3.971,10.802],[-16.394,16.698],[0,0]],"v":[[-36.026,14.316],[23.572,-29.268],[30.676,-36.21],[36.057,-48.469],[47.571,-19.947],[16.234,15.36],[-14.122,48.839]],"c":true},"ix":2},"nm":"Path 1","mn":"ADBE Vector Shape - Group","hd":false},{"ty":"fl","c":{"a":0,"k":[0.917647118662,0.541176470588,0.490196108351,1],"ix":4},"o":{"a":0,"k":100,"ix":5},"r":1,"bm":0,"nm":"Fill 1","mn":"ADBE Vector Graphic - Fill","hd":false},{"ty":"tr","p":{"a":0,"k":[191.867,207.478],"ix":2},"a":{"a":0,"k":[0,0],"ix":1},"s":{"a":0,"k":[100,100],"ix":3},"r":{"a":0,"k":0,"ix":6},"o":{"a":0,"k":100,"ix":7},"sk":{"a":0,"k":0,"ix":4},"sa":{"a":0,"k":0,"ix":5},"nm":"Transform"}],"nm":"Group 3","np":2,"cix":2,"bm":0,"ix":3,"mn":"ADBE Vector Group","hd":false},{"ty":"gr","it":[{"ind":0,"ty":"sh","ix":1,"ks":{"a":0,"k":{"i":[[-14.654,7.935],[-13.868,11.883],[-1.153,2.547],[-1.394,-0.371],[3.11,-8.458],[11.589,-11.804],[0.694,-1.32]],"o":[[22.715,-12.301],[2.117,-1.814],[3.059,-6.764],[4.803,1.279],[-3.971,10.802],[-16.394,16.697],[0,0]],"v":[[-36.026,14.317],[23.572,-29.267],[30.676,-36.21],[36.057,-48.469],[47.571,-19.948],[16.234,15.361],[-14.122,48.839]],"c":true},"ix":2},"nm":"Path 1","mn":"ADBE Vector Shape - Group","hd":false},{"ty":"fl","c":{"a":0,"k":[0.917647118662,0.541176470588,0.490196108351,1],"ix":4},"o":{"a":0,"k":100,"ix":5},"r":1,"bm":0,"nm":"Fill 1","mn":"ADBE Vector Graphic - Fill","hd":false},{"ty":"tr","p":{"a":0,"k":[188.639,186.658],"ix":2},"a":{"a":0,"k":[0,0],"ix":1},"s":{"a":0,"k":[100,100],"ix":3},"r":{"a":0,"k":0,"ix":6},"o":{"a":0,"k":100,"ix":7},"sk":{"a":0,"k":0,"ix":4},"sa":{"a":0,"k":0,"ix":5},"nm":"Transform"}],"nm":"Group 4","np":2,"cix":2,"bm":0,"ix":4,"mn":"ADBE Vector Group","hd":false},{"ty":"gr","it":[{"ind":0,"ty":"sh","ix":1,"ks":{"a":0,"k":{"i":[[0,0],[-2.648,9.466],[-2.697,-7.554],[-5.053,-9.042],[-12.143,8.964],[-9.758,11.878],[-0.193,2.197],[-1.6,-0.021],[-0.11,-7.16],[7.412,-11.38],[0.2,-1.157]],"o":[[0,0],[3.955,-14.145],[1.478,4.14],[3.346,5.986],[18.823,-13.896],[1.49,-1.813],[0.51,-5.836],[5.52,0.073],[0.14,9.144],[-10.484,16.099],[0,0]],"v":[[-57.756,38.973],[-67.23,1.43],[-43.654,-1.376],[-33.269,17.426],[-3.899,19.976],[41.003,-25.262],[45.661,-32.01],[46.413,-42.557],[69.737,-22.624],[51.04,10.781],[32.645,42.577]],"c":true},"ix":2},"nm":"Path 1","mn":"ADBE Vector Shape - Group","hd":false},{"ty":"fl","c":{"a":0,"k":[0.917647118662,0.541176470588,0.490196108351,1],"ix":4},"o":{"a":0,"k":100,"ix":5},"r":1,"bm":0,"nm":"Fill 1","mn":"ADBE Vector Graphic - Fill","hd":false},{"ty":"tr","p":{"a":0,"k":[166.013,152.905],"ix":2},"a":{"a":0,"k":[0,0],"ix":1},"s":{"a":0,"k":[100,100],"ix":3},"r":{"a":0,"k":0,"ix":6},"o":{"a":0,"k":100,"ix":7},"sk":{"a":0,"k":0,"ix":4},"sa":{"a":0,"k":0,"ix":5},"nm":"Transform"}],"nm":"Group 5","np":2,"cix":2,"bm":0,"ix":5,"mn":"ADBE Vector Group","hd":false},{"ty":"gr","it":[{"ind":0,"ty":"sh","ix":1,"ks":{"a":0,"k":{"i":[[-3.053,0.027],[0,0],[-0.027,-3.053],[3.052,-0.028],[0,0],[0.027,3.053]],"o":[[0,0],[3.054,-0.028],[0.027,3.053],[0,0],[-3.053,0.028],[-0.027,-3.053]],"v":[[-10.781,-5.432],[10.681,-5.624],[16.259,-0.146],[10.781,5.431],[-10.682,5.624],[-16.259,0.146]],"c":true},"ix":2},"nm":"Path 1","mn":"ADBE Vector Shape - Group","hd":false},{"ty":"fl","c":{"a":0,"k":[0,0,0,1],"ix":4},"o":{"a":0,"k":100,"ix":5},"r":1,"bm":0,"nm":"Fill 1","mn":"ADBE Vector Graphic - Fill","hd":false},{"ty":"tr","p":{"a":0,"k":[164.643,17.448],"ix":2},"a":{"a":0,"k":[0,0],"ix":1},"s":{"a":0,"k":[100,100],"ix":3},"r":{"a":0,"k":0,"ix":6},"o":{"a":0,"k":100,"ix":7},"sk":{"a":0,"k":0,"ix":4},"sa":{"a":0,"k":0,"ix":5},"nm":"Transform"}],"nm":"Group 6","np":2,"cix":2,"bm":0,"ix":6,"mn":"ADBE Vector Group","hd":false},{"ty":"gr","it":[{"ind":0,"ty":"sh","ix":1,"ks":{"a":0,"k":{"i":[[-6.974,0.062],[0,0],[-0.063,-6.973],[0,0],[4.06,-0.036],[0,0],[0.036,4.059],[0,0]],"o":[[0,0],[6.973,-0.063],[0,0],[0.037,4.059],[0,0],[-4.06,0.036],[0,0],[-0.062,-6.974]],"v":[[-27.847,-83.12],[26.332,-83.605],[39.072,-71.092],[40.386,75.635],[33.101,83.051],[-31.63,83.632],[-39.046,76.346],[-40.361,-70.38]],"c":true},"ix":2},"nm":"Path 1","mn":"ADBE Vector Shape - Group","hd":false},{"ty":"fl","c":{"a":0,"k":[1,1,1,1],"ix":4},"o":{"a":0,"k":100,"ix":5},"r":1,"bm":0,"nm":"Fill 1","mn":"ADBE Vector Graphic - Fill","hd":false},{"ty":"tr","p":{"a":0,"k":[165.405,101.274],"ix":2},"a":{"a":0,"k":[0,0],"ix":1},"s":{"a":0,"k":[100,100],"ix":3},"r":{"a":0,"k":0,"ix":6},"o":{"a":0,"k":100,"ix":7},"sk":{"a":0,"k":0,"ix":4},"sa":{"a":0,"k":0,"ix":5},"nm":"Transform"}],"nm":"Group 7","np":2,"cix":2,"bm":0,"ix":7,"mn":"ADBE Vector Group","hd":false},{"ty":"gr","it":[{"ind":0,"ty":"sh","ix":1,"ks":{"a":0,"k":{"i":[[-10.354,0.093],[0,0],[-0.093,-10.355],[0,0],[6.924,-0.063],[0,0],[0.062,6.924],[0,0]],"o":[[0,0],[10.354,-0.093],[0,0],[0.062,6.923],[0,0],[-6.923,0.063],[0,0],[-0.092,-10.355]],"v":[[-28.152,-89.776],[26.515,-90.266],[45.431,-71.685],[46.763,77.047],[34.339,89.696],[-32.752,90.296],[-45.401,77.872],[-46.733,-70.859]],"c":true},"ix":2},"nm":"Path 1","mn":"ADBE Vector Shape - Group","hd":false},{"ty":"fl","c":{"a":0,"k":[0,0,0,1],"ix":4},"o":{"a":0,"k":100,"ix":5},"r":1,"bm":0,"nm":"Fill 1","mn":"ADBE Vector Graphic - Fill","hd":false},{"ty":"tr","p":{"a":0,"k":[165.406,101.276],"ix":2},"a":{"a":0,"k":[0,0],"ix":1},"s":{"a":0,"k":[100,100],"ix":3},"r":{"a":0,"k":0,"ix":6},"o":{"a":0,"k":100,"ix":7},"sk":{"a":0,"k":0,"ix":4},"sa":{"a":0,"k":0,"ix":5},"nm":"Transform"}],"nm":"Group 8","np":2,"cix":2,"bm":0,"ix":8,"mn":"ADBE Vector Group","hd":false}],"ip":41,"op":521,"st":41,"bm":0},{"ddd":0,"ind":8,"ty":4,"nm":"sol 3","sr":1,"ks":{"o":{"a":0,"k":100,"ix":11},"r":{"a":1,"k":[{"i":{"x":[0.346],"y":[1]},"o":{"x":[0.464],"y":[0]},"t":0,"s":[179]},{"t":54,"s":[-10]}],"ix":10},"p":{"a":1,"k":[{"i":{"x":0.346,"y":1},"o":{"x":0.464,"y":0},"t":0,"s":[79,-63,0],"to":[-3.5,25.667,0],"ti":[-70.5,-60.667,0]},{"t":54,"s":[175,138,0]}],"ix":2},"a":{"a":0,"k":[172.448,70.604,0],"ix":1},"s":{"a":0,"k":[100,100,100],"ix":6}},"ao":0,"shapes":[{"ty":"gr","it":[{"ty":"gr","it":[{"ind":0,"ty":"sh","ix":1,"ks":{"a":0,"k":{"i":[[0,0],[-3.923,0.168],[-2.851,0.001],[-2.397,-0.115],[-4.008,-0.48],[0,0]],"o":[[3.64,-0.451],[2.767,-0.142],[2.456,0.001],[4.35,0.175],[0,0],[0,0]],"v":[[-19.856,0.577],[-8.454,-0.381],[-0.013,-0.61],[7.267,-0.436],[19.856,0.581],[19.856,0.61]],"c":false},"ix":2},"nm":"Path 1","mn":"ADBE Vector Shape - Group","hd":false},{"ty":"st","c":{"a":0,"k":[1,1,1,1],"ix":3},"o":{"a":0,"k":100,"ix":4},"w":{"a":0,"k":4,"ix":5},"lc":2,"lj":1,"ml":4,"bm":0,"nm":"Stroke 1","mn":"ADBE Vector Graphic - Stroke","hd":false},{"ty":"tr","p":{"a":0,"k":[214.22,251.092],"ix":2},"a":{"a":0,"k":[0,0],"ix":1},"s":{"a":0,"k":[100,100],"ix":3},"r":{"a":0,"k":0,"ix":6},"o":{"a":0,"k":100,"ix":7},"sk":{"a":0,"k":0,"ix":4},"sa":{"a":0,"k":0,"ix":5},"nm":"Transform"}],"nm":"Group 1","np":2,"cix":2,"bm":0,"ix":1,"mn":"ADBE Vector Group","hd":false},{"ty":"gr","it":[{"ind":0,"ty":"sh","ix":1,"ks":{"a":0,"k":{"i":[[0,0],[4.348,-0.172],[2.454,0],[2.762,0.138],[3.671,0.455]],"o":[[-4.008,0.481],[-2.399,0.115],[-2.85,0],[-3.953,-0.174],[0,0]],"v":[[19.855,-0.597],[7.264,0.424],[-0.016,0.597],[-8.423,0.372],[-19.854,-0.59]],"c":false},"ix":2},"nm":"Path 1","mn":"ADBE Vector Shape - Group","hd":false},{"ty":"st","c":{"a":0,"k":[1,1,1,1],"ix":3},"o":{"a":0,"k":100,"ix":4},"w":{"a":0,"k":4,"ix":5},"lc":2,"lj":1,"ml":4,"bm":0,"nm":"Stroke 1","mn":"ADBE Vector Graphic - Stroke","hd":false},{"ty":"tr","p":{"a":0,"k":[214.227,239.555],"ix":2},"a":{"a":0,"k":[0,0],"ix":1},"s":{"a":0,"k":[100,100],"ix":3},"r":{"a":0,"k":0,"ix":6},"o":{"a":0,"k":100,"ix":7},"sk":{"a":0,"k":0,"ix":4},"sa":{"a":0,"k":0,"ix":5},"nm":"Transform"}],"nm":"Group 2","np":2,"cix":2,"bm":0,"ix":2,"mn":"ADBE Vector Group","hd":false},{"ty":"gr","it":[{"ind":0,"ty":"sh","ix":1,"ks":{"a":0,"k":{"i":[[0,0],[-0.786,-3.855],[-0.096,-0.526],[-0.118,-1.079],[0.383,-3.529],[0.196,-1.03],[0.12,-0.528],[1.864,-3.452]],"o":[[1.882,3.455],[0.12,0.504],[0.192,1.031],[0.383,3.529],[-0.12,1.056],[-0.096,0.527],[-0.79,3.843],[0,0]],"v":[[-2.588,-21.046],[1.437,-10.02],[1.749,-8.486],[2.205,-5.321],[2.205,5.297],[1.749,8.437],[1.437,10.044],[-2.566,21.046]],"c":false},"ix":2},"nm":"Path 1","mn":"ADBE Vector Shape - Group","hd":false},{"ty":"st","c":{"a":0,"k":[1,1,1,1],"ix":3},"o":{"a":0,"k":100,"ix":4},"w":{"a":0,"k":4,"ix":5},"lc":2,"lj":1,"ml":4,"bm":0,"nm":"Stroke 1","mn":"ADBE Vector Graphic - Stroke","hd":false},{"ty":"tr","p":{"a":0,"k":[218.825,245.322],"ix":2},"a":{"a":0,"k":[0,0],"ix":1},"s":{"a":0,"k":[100,100],"ix":3},"r":{"a":0,"k":0,"ix":6},"o":{"a":0,"k":100,"ix":7},"sk":{"a":0,"k":0,"ix":4},"sa":{"a":0,"k":0,"ix":5},"nm":"Transform"}],"nm":"Group 3","np":2,"cix":2,"bm":0,"ix":3,"mn":"ADBE Vector Group","hd":false},{"ty":"gr","it":[{"ind":0,"ty":"sh","ix":1,"ks":{"a":0,"k":{"i":[[0,0],[0.816,-3.813],[0.1,-0.529],[0.095,-1.102],[-0.415,-3.536],[-0.194,-1.031],[-0.097,-0.524],[-1.844,-3.428]],"o":[[-1.842,3.437],[-0.097,0.527],[-0.193,1.054],[-0.415,3.535],[0.096,1.078],[0.071,0.527],[0.811,3.806],[0,0]],"v":[[2.583,-21.02],[-1.424,-10.091],[-1.712,-8.531],[-2.167,-5.319],[-2.167,5.324],[-1.734,8.511],[-1.445,10.114],[2.557,21.02]],"c":false},"ix":2},"nm":"Path 1","mn":"ADBE Vector Shape - Group","hd":false},{"ty":"st","c":{"a":0,"k":[1,1,1,1],"ix":3},"o":{"a":0,"k":100,"ix":4},"w":{"a":0,"k":4,"ix":5},"lc":2,"lj":1,"ml":4,"bm":0,"nm":"Stroke 1","mn":"ADBE Vector Graphic - Stroke","hd":false},{"ty":"tr","p":{"a":0,"k":[209.606,245.32],"ix":2},"a":{"a":0,"k":[0,0],"ix":1},"s":{"a":0,"k":[100,100],"ix":3},"r":{"a":0,"k":0,"ix":6},"o":{"a":0,"k":100,"ix":7},"sk":{"a":0,"k":0,"ix":4},"sa":{"a":0,"k":0,"ix":5},"nm":"Transform"}],"nm":"Group 4","np":2,"cix":2,"bm":0,"ix":4,"mn":"ADBE Vector Group","hd":false},{"ty":"gr","it":[{"ind":0,"ty":"sh","ix":1,"ks":{"a":0,"k":{"i":[[-0.001,-2.466],[0.84,-2.33],[0,0],[6.464,-1.871],[1.995,0.002],[0.684,0.088],[1.43,0.468],[0.013,9.181],[-0.86,2.316],[-6.202,2.003],[-1.507,0.141],[-0.681,-0.009],[-1.912,-0.576],[-2.3,-6.334]],"o":[[0,2.476],[0,0],[-2.324,6.315],[-1.915,0.561],[-0.689,0.009],[-1.5,-0.121],[-8.735,-2.826],[-0.003,-2.47],[2.239,-6.121],[1.441,-0.465],[0.676,-0.089],[1.996,-0.004],[6.477,1.857],[0.84,2.318]],"v":[[21.142,-0.008],[19.872,7.255],[19.872,7.279],[5.896,20.299],[0.001,21.141],[-2.06,21.021],[-6.47,20.135],[-21.139,-0.001],[-19.844,-7.239],[-6.469,-20.111],[-2.035,-21.021],[0.003,-21.141],[5.898,-20.279],[19.871,-7.239]],"c":true},"ix":2},"nm":"Path 1","mn":"ADBE Vector Shape - Group","hd":false},{"ty":"st","c":{"a":0,"k":[1,1,1,1],"ix":3},"o":{"a":0,"k":100,"ix":4},"w":{"a":0,"k":4,"ix":5},"lc":2,"lj":1,"ml":4,"bm":0,"nm":"Stroke 1","mn":"ADBE Vector Graphic - Stroke","hd":false},{"ty":"tr","p":{"a":0,"k":[214.225,245.332],"ix":2},"a":{"a":0,"k":[0,0],"ix":1},"s":{"a":0,"k":[100,100],"ix":3},"r":{"a":0,"k":0,"ix":6},"o":{"a":0,"k":100,"ix":7},"sk":{"a":0,"k":0,"ix":4},"sa":{"a":0,"k":0,"ix":5},"nm":"Transform"}],"nm":"Group 5","np":2,"cix":2,"bm":0,"ix":5,"mn":"ADBE Vector Group","hd":false},{"ty":"gr","it":[{"ind":0,"ty":"sh","ix":1,"ks":{"a":0,"k":{"i":[[0,0],[0,0]],"o":[[0,0],[0,0]],"v":[[196.763,295.898],[232.299,295.898]],"c":false},"ix":2},"nm":"Path 1","mn":"ADBE Vector Shape - Group","hd":false},{"ty":"st","c":{"a":0,"k":[1,1,1,1],"ix":3},"o":{"a":0,"k":100,"ix":4},"w":{"a":0,"k":4,"ix":5},"lc":2,"lj":1,"ml":4,"bm":0,"nm":"Stroke 1","mn":"ADBE Vector Graphic - Stroke","hd":false},{"ty":"tr","p":{"a":0,"k":[0,0],"ix":2},"a":{"a":0,"k":[0,0],"ix":1},"s":{"a":0,"k":[100,100],"ix":3},"r":{"a":0,"k":0,"ix":6},"o":{"a":0,"k":100,"ix":7},"sk":{"a":0,"k":0,"ix":4},"sa":{"a":0,"k":0,"ix":5},"nm":"Transform"}],"nm":"Group 6","np":2,"cix":2,"bm":0,"ix":6,"mn":"ADBE Vector Group","hd":false},{"ty":"gr","it":[{"ind":0,"ty":"sh","ix":1,"ks":{"a":0,"k":{"i":[[0,0],[0,0]],"o":[[0,0],[0,0]],"v":[[196.763,282.901],[232.299,282.901]],"c":false},"ix":2},"nm":"Path 1","mn":"ADBE Vector Shape - Group","hd":false},{"ty":"st","c":{"a":0,"k":[1,1,1,1],"ix":3},"o":{"a":0,"k":100,"ix":4},"w":{"a":0,"k":4,"ix":5},"lc":2,"lj":1,"ml":4,"bm":0,"nm":"Stroke 1","mn":"ADBE Vector Graphic - Stroke","hd":false},{"ty":"tr","p":{"a":0,"k":[0,0],"ix":2},"a":{"a":0,"k":[0,0],"ix":1},"s":{"a":0,"k":[100,100],"ix":3},"r":{"a":0,"k":0,"ix":6},"o":{"a":0,"k":100,"ix":7},"sk":{"a":0,"k":0,"ix":4},"sa":{"a":0,"k":0,"ix":5},"nm":"Transform"}],"nm":"Group 7","np":2,"cix":2,"bm":0,"ix":7,"mn":"ADBE Vector Group","hd":false},{"ty":"gr","it":[{"ind":0,"ty":"sh","ix":1,"ks":{"a":0,"k":{"i":[[0,0],[0,0],[0,0],[0,0],[0,0],[0.004,7.173],[0,0],[0,0],[0,0],[0,0],[0,0],[-7.18,0.004],[0,0],[0,0],[0,0],[0,0],[-0.388,-6.874],[0.005,-0.25],[0,0],[0,0],[0,0],[7.18,-0.004]],"o":[[0,0],[0,0],[0,0],[0,0],[-7.18,0.003],[0,0],[0,0],[0,0],[0,0],[0,0],[0,-7.175],[0,0],[0,0],[0,0],[0,0],[6.891,0.001],[0.014,0.246],[0,0],[0,0],[0,0],[0.004,7.173],[0,0]],"v":[[29.036,59.04],[25.016,59.039],[-10.882,59.041],[-10.891,59.039],[-29.031,59.038],[-42.038,46.056],[-42.038,46.051],[-42.035,41.059],[-42.036,7.09],[-42.033,7.082],[-42.035,-46.043],[-29.038,-59.039],[-3.779,-59.041],[20.794,-59.038],[20.803,-59.036],[29.038,-59.035],[42.01,-46.784],[42.033,-46.042],[42.037,29.613],[42.035,29.621],[42.033,46.045],[29.04,59.04]],"c":true},"ix":2},"nm":"Path 1","mn":"ADBE Vector Shape - Group","hd":false},{"ty":"fl","c":{"a":0,"k":[0.698039215686,0.160784313725,0.160784313725,1],"ix":4},"o":{"a":0,"k":100,"ix":5},"r":1,"bm":0,"nm":"Fill 1","mn":"ADBE Vector Graphic - Fill","hd":false},{"ty":"tr","p":{"a":0,"k":[214.057,262.344],"ix":2},"a":{"a":0,"k":[0,0],"ix":1},"s":{"a":0,"k":[100,100],"ix":3},"r":{"a":0,"k":0,"ix":6},"o":{"a":0,"k":100,"ix":7},"sk":{"a":0,"k":0,"ix":4},"sa":{"a":0,"k":0,"ix":5},"nm":"Transform"}],"nm":"Group 8","np":2,"cix":2,"bm":0,"ix":8,"mn":"ADBE Vector Group","hd":false},{"ty":"tr","p":{"a":0,"k":[172.448,70.604],"ix":2},"a":{"a":0,"k":[214.057,262.344],"ix":1},"s":{"a":0,"k":[103,103],"ix":3},"r":{"a":0,"k":0,"ix":6},"o":{"a":0,"k":100,"ix":7},"sk":{"a":0,"k":0,"ix":4},"sa":{"a":0,"k":0,"ix":5},"nm":"Transform"}],"nm":"Group 11","np":8,"cix":2,"bm":0,"ix":1,"mn":"ADBE Vector Group","hd":false}],"ip":0,"op":480,"st":0,"bm":0}],"markers":[]}