{"v":"4.8.0","meta":{"g":"LottieFiles AE 2.0.4","a":"","k":"","d":"","tc":""},"fr":60,"ip":0,"op":480,"w":350,"h":350,"nm":"rev3","ddd":0,"assets":[],"layers":[{"ddd":0,"ind":1,"ty":3,"nm":"Null 2","sr":1,"ks":{"o":{"a":0,"k":0,"ix":11},"r":{"a":0,"k":0,"ix":10},"p":{"a":0,"k":[175,-69,0],"ix":2},"a":{"a":0,"k":[50,50,0],"ix":1},"s":{"a":0,"k":[100,100,100],"ix":6}},"ao":0,"ip":30,"op":510,"st":30,"bm":0},{"ddd":0,"ind":2,"ty":4,"nm":"Shape Layer 9","sr":1,"ks":{"o":{"a":0,"k":100,"ix":11},"r":{"a":0,"k":0,"ix":10},"p":{"a":0,"k":[180.625,162.375,0],"ix":2},"a":{"a":0,"k":[69.625,-30.625,0],"ix":1},"s":{"a":0,"k":[100,100,100],"ix":6}},"ao":0,"shapes":[{"ty":"gr","it":[{"ind":0,"ty":"sh","ix":1,"ks":{"a":0,"k":{"i":[[0,0],[0,0],[0,0]],"o":[[0,0],[0,0],[0,0]],"v":[[60.5,-29.5],[66.25,-23.25],[76.25,-35]],"c":false},"ix":2},"nm":"Path 1","mn":"ADBE Vector Shape - Group","hd":false},{"ty":"st","c":{"a":0,"k":[0.486274510622,0.337254911661,0.984313726425,1],"ix":3},"o":{"a":0,"k":100,"ix":4},"w":{"a":0,"k":5,"ix":5},"lc":2,"lj":2,"bm":0,"nm":"Stroke 1","mn":"ADBE Vector Graphic - Stroke","hd":false},{"ty":"tr","p":{"a":0,"k":[0,0],"ix":2},"a":{"a":0,"k":[0,0],"ix":1},"s":{"a":0,"k":[100,100],"ix":3},"r":{"a":0,"k":0,"ix":6},"o":{"a":0,"k":100,"ix":7},"sk":{"a":0,"k":0,"ix":4},"sa":{"a":0,"k":0,"ix":5},"nm":"Transform"}],"nm":"Shape 1","np":2,"cix":2,"bm":0,"ix":1,"mn":"ADBE Vector Group","hd":false},{"ty":"tm","s":{"a":0,"k":0,"ix":1},"e":{"a":1,"k":[{"i":{"x":[0.41],"y":[0.946]},"o":{"x":[0.744],"y":[0.205]},"t":325,"s":[0]},{"t":346,"s":[100]}],"ix":2},"o":{"a":0,"k":0,"ix":3},"m":1,"ix":2,"nm":"Trim Paths 1","mn":"ADBE Vector Filter - Trim","hd":false}],"ip":325,"op":567,"st":87,"bm":0},{"ddd":0,"ind":3,"ty":4,"nm":"Shape Layer 8","sr":1,"ks":{"o":{"a":0,"k":100,"ix":11},"r":{"a":0,"k":0,"ix":10},"p":{"a":0,"k":[179,163.5,0],"ix":2},"a":{"a":0,"k":[-160.5,-80.5,0],"ix":1},"s":{"a":0,"k":[90,90,100],"ix":6}},"ao":0,"shapes":[{"ty":"gr","it":[{"d":1,"ty":"el","s":{"a":0,"k":[45,45],"ix":2},"p":{"a":0,"k":[0,0],"ix":3},"nm":"Ellipse Path 1","mn":"ADBE Vector Shape - Ellipse","hd":false},{"ty":"st","c":{"a":0,"k":[0.486274540424,0.337254911661,0.98431378603,1],"ix":3},"o":{"a":0,"k":100,"ix":4},"w":{"a":0,"k":5,"ix":5},"lc":2,"lj":2,"bm":0,"nm":"Stroke 1","mn":"ADBE Vector Graphic - Stroke","hd":false},{"ty":"tr","p":{"a":0,"k":[-160.5,-80.5],"ix":2},"a":{"a":0,"k":[0,0],"ix":1},"s":{"a":0,"k":[100,100],"ix":3},"r":{"a":0,"k":0,"ix":6},"o":{"a":0,"k":100,"ix":7},"sk":{"a":0,"k":0,"ix":4},"sa":{"a":0,"k":0,"ix":5},"nm":"Transform"}],"nm":"Ellipse 1","np":2,"cix":2,"bm":0,"ix":1,"mn":"ADBE Vector Group","hd":false},{"ty":"tm","s":{"a":0,"k":0,"ix":1},"e":{"a":1,"k":[{"i":{"x":[0.33],"y":[1]},"o":{"x":[0.415],"y":[0.189]},"t":266,"s":[0]},{"t":343,"s":[100]}],"ix":2},"o":{"a":0,"k":0,"ix":3},"m":1,"ix":2,"nm":"Trim Paths 1","mn":"ADBE Vector Filter - Trim","hd":false}],"ip":266,"op":478,"st":87,"bm":0},{"ddd":0,"ind":4,"ty":4,"nm":"Shape Layer 7","sr":1,"ks":{"o":{"a":1,"k":[{"i":{"x":[0.667],"y":[1]},"o":{"x":[0.333],"y":[0]},"t":243,"s":[0]},{"t":246,"s":[100]}],"ix":11},"r":{"a":0,"k":0,"ix":10},"p":{"a":0,"k":[179,163.5,0],"ix":2},"a":{"a":0,"k":[-160.5,-80.5,0],"ix":1},"s":{"a":1,"k":[{"i":{"x":[0.194,0.194,0.667],"y":[1,1,1]},"o":{"x":[0.558,0.558,0.333],"y":[0,0,0]},"t":242,"s":[34,34,100]},{"t":266,"s":[90,90,100]}],"ix":6}},"ao":0,"shapes":[{"ty":"gr","it":[{"d":1,"ty":"el","s":{"a":0,"k":[45,45],"ix":2},"p":{"a":0,"k":[0,0],"ix":3},"nm":"Ellipse Path 1","mn":"ADBE Vector Shape - Ellipse","hd":false},{"ty":"st","c":{"a":0,"k":[0.875675499439,0.84668970108,0.972549021244,1],"ix":3},"o":{"a":0,"k":100,"ix":4},"w":{"a":0,"k":5,"ix":5},"lc":1,"lj":1,"ml":4,"bm":0,"nm":"Stroke 1","mn":"ADBE Vector Graphic - Stroke","hd":false},{"ty":"tr","p":{"a":0,"k":[-160.5,-80.5],"ix":2},"a":{"a":0,"k":[0,0],"ix":1},"s":{"a":0,"k":[100,100],"ix":3},"r":{"a":0,"k":0,"ix":6},"o":{"a":0,"k":100,"ix":7},"sk":{"a":0,"k":0,"ix":4},"sa":{"a":0,"k":0,"ix":5},"nm":"Transform"}],"nm":"Ellipse 1","np":2,"cix":2,"bm":0,"ix":1,"mn":"ADBE Vector Group","hd":false}],"ip":242,"op":478,"st":87,"bm":0},{"ddd":0,"ind":5,"ty":4,"nm":"n 3","parent":6,"sr":1,"ks":{"o":{"a":0,"k":100,"ix":11},"r":{"a":0,"k":0,"ix":10},"p":{"a":0,"k":[167.95,97.191,0],"ix":2},"a":{"a":0,"k":[16.272,13.865,0],"ix":1},"s":{"a":1,"k":[{"i":{"x":[0.657,0.657,0.667],"y":[1,1,1]},"o":{"x":[0.657,0.657,0.333],"y":[0,0,0]},"t":220,"s":[104.459,104.459,100]},{"i":{"x":[0.38,0.38,0.667],"y":[1,1,1]},"o":{"x":[0.529,0.529,0.333],"y":[0,0,0]},"t":230,"s":[114.905,114.905,100]},{"t":249,"s":[0,0,100]}],"ix":6}},"ao":0,"shapes":[{"ty":"gr","it":[{"ind":0,"ty":"sh","ix":1,"ks":{"a":0,"k":{"i":[[0.157,0.04],[0.115,0.062],[1.171,0.904],[1.051,0.811],[0.427,0.28],[0.084,0],[0,-0.571],[-0.131,-0.63],[0,-0.365],[0.143,-0.296],[0.155,-0.111],[0.199,-0.027],[0.27,0.138],[0.214,0.244],[0.106,0.282],[0.118,0.54],[-0.002,1.827],[-0.186,0.867],[-0.131,0.289],[-0.116,0.123],[-0.142,0.074],[-0.153,0],[-0.199,-0.135],[-1.397,-1.089],[-1.26,-0.974],[-0.167,-0.121],[-0.076,0.03],[-0.062,0.362],[-0.029,0.297],[0.055,0.533],[0.127,0.483],[0.163,0.394],[0.058,0.341],[-0.086,0.31],[-0.17,0.186],[-0.414,0.04],[-0.169,-0.071],[-0.26,-0.286],[-0.18,-0.379],[-0.183,-0.55],[-0.097,-0.447],[0,-1.453],[0.138,-0.634],[0.131,-0.414],[0.181,-0.4],[0.115,-0.124],[0.133,-0.095],[0.183,-0.027]],"o":[[-0.158,-0.04],[-0.115,-0.062],[-1.172,-0.904],[-1.051,-0.812],[-0.429,-0.28],[-0.126,0],[0.001,0.381],[0.131,0.629],[0,0.478],[-0.11,0.226],[-0.156,0.111],[-0.252,0.033],[-0.213,-0.109],[-0.215,-0.244],[-0.105,-0.282],[-0.187,-0.854],[0.002,-1.816],[0.118,-0.551],[0.132,-0.288],[0.115,-0.123],[0.142,-0.073],[0.153,0],[0.198,0.134],[1.399,1.089],[1.261,0.973],[0.167,0.121],[0.083,-0.031],[0.056,-0.333],[0.029,-0.298],[-0.055,-0.533],[-0.126,-0.483],[-0.163,-0.394],[-0.077,-0.465],[0.062,-0.227],[0.261,-0.284],[0.291,-0.028],[0.159,0.065],[0.262,0.285],[0.18,0.379],[0.184,0.55],[0.138,0.633],[0,1.455],[-0.098,0.447],[-0.13,0.414],[-0.183,0.4],[-0.117,0.123],[-0.132,0.096],[-0.181,0.027]],"v":[[-1.693,7.412],[-2.191,7.227],[-4.531,5.471],[-8.572,2.352],[-11.26,0.367],[-12.191,-0.144],[-12.344,0.549],[-12.105,2.387],[-11.867,4.195],[-12.066,5.27],[-12.548,5.883],[-13.191,6.133],[-13.939,5.984],[-14.717,5.344],[-15.299,4.387],[-15.706,2.893],[-16.021,-0.225],[-15.701,-3.296],[-15.247,-4.824],[-14.798,-5.572],[-14.331,-5.932],[-13.795,-6.066],[-13.156,-5.82],[-10.254,-3.594],[-5.42,0.156],[-2.824,2.145],[-2.382,2.312],[-2.141,1.656],[-1.986,0.51],[-2.033,-0.999],[-2.362,-2.846],[-2.887,-4.441],[-3.288,-5.779],[-3.277,-6.814],[-2.853,-7.566],[-2.048,-7.952],[-1.264,-7.88],[-0.501,-7.241],[0.302,-6.033],[0.962,-4.344],[1.472,-2.531],[1.75,0.143],[1.472,2.818],[1.058,4.382],[0.491,5.863],[-0.051,6.814],[-0.504,7.212],[-1.077,7.436]],"c":true},"ix":2},"nm":"Path 1","mn":"ADBE Vector Shape - Group","hd":false},{"ind":1,"ty":"sh","ix":2,"ks":{"a":1,"k":[{"i":{"x":0.667,"y":1},"o":{"x":0.333,"y":0},"t":86,"s":[{"i":[[0.163,0.05],[0.24,0.256],[0.054,0.362],[-0.265,0.623],[-0.229,0.66],[-0.132,0.654],[-0.059,0.753],[0.079,0.966],[0.131,0.644],[0.163,0.51],[0.199,0.46],[0.036,0.164],[-0.065,0.233],[-0.23,0.23],[-0.187,0.062],[-0.236,-0.027],[-0.236,-0.166],[-0.217,-0.435],[-0.212,-0.562],[-0.178,-0.693],[-0.095,-0.604],[0.003,-1.804],[0.188,-1.094],[0.175,-0.633],[0.215,-0.552],[0.145,-0.287],[0.253,-0.178],[0.32,-0.022]],"o":[[-0.163,-0.05],[-0.345,-0.369],[-0.06,-0.393],[0.17,-0.399],[0.228,-0.659],[0.133,-0.654],[0.079,-1.014],[-0.06,-0.719],[-0.13,-0.645],[-0.164,-0.51],[-0.2,-0.46],[-0.035,-0.164],[0.072,-0.257],[0.206,-0.207],[0.187,-0.062],[0.257,0.029],[0.276,0.193],[0.17,0.344],[0.212,0.563],[0.177,0.694],[0.134,0.847],[-0.002,1.996],[-0.12,0.706],[-0.174,0.634],[-0.215,0.551],[-0.168,0.333],[-0.276,0.195],[-0.254,0.016]],"v":[[4.791,10.839],[4.059,10.281],[3.555,9.357],[3.795,8.175],[4.521,6.251],[5.176,3.863],[5.524,1.305],[5.524,-1.368],[5.179,-3.846],[4.647,-5.945],[3.987,-7.708],[3.558,-8.842],[3.611,-9.564],[4.104,-10.359],[4.819,-10.846],[5.588,-10.911],[6.412,-10.585],[7.119,-9.685],[7.815,-8.036],[8.523,-5.751],[9.018,-3.391],[9.325,-0.191],[8.966,3.671],[8.43,6.107],[7.723,8.262],[7.068,9.787],[6.407,10.589],[5.549,10.9]],"c":true}]},{"i":{"x":0.667,"y":1},"o":{"x":0.333,"y":0},"t":102,"s":[{"i":[[0.163,0.05],[0.24,0.256],[0.054,0.362],[-0.265,0.623],[-0.229,0.66],[-0.132,0.654],[-0.059,0.753],[0.079,0.966],[0.131,0.644],[0.163,0.51],[0.199,0.46],[0.036,0.164],[-0.065,0.233],[-0.23,0.23],[-0.187,0.062],[-0.236,-0.027],[-0.236,-0.166],[-0.217,-0.435],[-0.212,-0.562],[-0.178,-0.693],[-0.095,-0.604],[0.003,-1.804],[0.188,-1.094],[0.175,-0.633],[0.215,-0.552],[0.145,-0.287],[0.253,-0.178],[0.32,-0.022]],"o":[[-0.163,-0.05],[-0.345,-0.369],[-0.06,-0.393],[0.17,-0.399],[0.228,-0.659],[0.133,-0.654],[0.079,-1.014],[-0.06,-0.719],[-0.13,-0.645],[-0.164,-0.51],[-0.2,-0.46],[-0.035,-0.164],[0.072,-0.257],[0.206,-0.207],[0.187,-0.062],[0.257,0.029],[0.276,0.193],[0.17,0.344],[0.212,0.563],[0.177,0.694],[0.134,0.847],[-0.002,1.996],[-0.12,0.706],[-0.174,0.634],[-0.215,0.551],[-0.168,0.333],[-0.276,0.195],[-0.254,0.016]],"v":[[-0.709,10.802],[-1.441,10.245],[-1.945,9.321],[-1.705,8.139],[-0.979,6.215],[-0.324,3.827],[0.024,1.269],[0.024,-1.405],[-0.321,-3.882],[-0.853,-5.981],[-1.513,-7.745],[-1.942,-8.879],[-1.889,-9.6],[-1.396,-10.396],[-0.681,-10.883],[0.088,-10.947],[0.912,-10.622],[1.619,-9.721],[2.315,-8.073],[3.023,-5.788],[3.518,-3.427],[3.825,-0.228],[3.466,3.635],[2.93,6.071],[2.223,8.226],[1.568,9.751],[0.907,10.552],[0.049,10.863]],"c":true}]},{"i":{"x":0.667,"y":1},"o":{"x":0.333,"y":0},"t":117,"s":[{"i":[[0.163,0.05],[0.24,0.256],[0.054,0.362],[-0.265,0.623],[-0.229,0.66],[-0.132,0.654],[-0.059,0.753],[0.079,0.966],[0.131,0.644],[0.163,0.51],[0.199,0.46],[0.036,0.164],[-0.065,0.233],[-0.23,0.23],[-0.187,0.062],[-0.236,-0.027],[-0.236,-0.166],[-0.217,-0.435],[-0.212,-0.562],[-0.178,-0.693],[-0.095,-0.604],[0.003,-1.804],[0.188,-1.094],[0.175,-0.633],[0.215,-0.552],[0.145,-0.287],[0.253,-0.178],[0.32,-0.022]],"o":[[-0.163,-0.05],[-0.345,-0.369],[-0.06,-0.393],[0.17,-0.399],[0.228,-0.659],[0.133,-0.654],[0.079,-1.014],[-0.06,-0.719],[-0.13,-0.645],[-0.164,-0.51],[-0.2,-0.46],[-0.035,-0.164],[0.072,-0.257],[0.206,-0.207],[0.187,-0.062],[0.257,0.029],[0.276,0.193],[0.17,0.344],[0.212,0.563],[0.177,0.694],[0.134,0.847],[-0.002,1.996],[-0.12,0.706],[-0.174,0.634],[-0.215,0.551],[-0.168,0.333],[-0.276,0.195],[-0.254,0.016]],"v":[[4.791,10.839],[4.059,10.281],[3.555,9.357],[3.795,8.175],[4.521,6.251],[5.176,3.863],[5.524,1.305],[5.524,-1.368],[5.179,-3.846],[4.647,-5.945],[3.987,-7.708],[3.558,-8.842],[3.611,-9.564],[4.104,-10.359],[4.819,-10.846],[5.588,-10.911],[6.412,-10.585],[7.119,-9.685],[7.815,-8.036],[8.523,-5.751],[9.018,-3.391],[9.325,-0.191],[8.966,3.671],[8.43,6.107],[7.723,8.262],[7.068,9.787],[6.407,10.589],[5.549,10.9]],"c":true}]},{"i":{"x":0.667,"y":1},"o":{"x":0.333,"y":0},"t":132,"s":[{"i":[[0.163,0.05],[0.24,0.256],[0.054,0.362],[-0.265,0.623],[-0.229,0.66],[-0.132,0.654],[-0.059,0.753],[0.079,0.966],[0.131,0.644],[0.163,0.51],[0.199,0.46],[0.036,0.164],[-0.065,0.233],[-0.23,0.23],[-0.187,0.062],[-0.236,-0.027],[-0.236,-0.166],[-0.217,-0.435],[-0.212,-0.562],[-0.178,-0.693],[-0.095,-0.604],[0.003,-1.804],[0.188,-1.094],[0.175,-0.633],[0.215,-0.552],[0.145,-0.287],[0.253,-0.178],[0.32,-0.022]],"o":[[-0.163,-0.05],[-0.345,-0.369],[-0.06,-0.393],[0.17,-0.399],[0.228,-0.659],[0.133,-0.654],[0.079,-1.014],[-0.06,-0.719],[-0.13,-0.645],[-0.164,-0.51],[-0.2,-0.46],[-0.035,-0.164],[0.072,-0.257],[0.206,-0.207],[0.187,-0.062],[0.257,0.029],[0.276,0.193],[0.17,0.344],[0.212,0.563],[0.177,0.694],[0.134,0.847],[-0.002,1.996],[-0.12,0.706],[-0.174,0.634],[-0.215,0.551],[-0.168,0.333],[-0.276,0.195],[-0.254,0.016]],"v":[[4.791,10.839],[4.059,10.281],[3.555,9.357],[3.795,8.175],[4.521,6.251],[5.176,3.863],[5.524,1.305],[5.524,-1.368],[5.179,-3.846],[4.647,-5.945],[3.987,-7.708],[3.558,-8.842],[3.611,-9.564],[4.104,-10.359],[4.819,-10.846],[5.588,-10.911],[6.412,-10.585],[7.119,-9.685],[7.815,-8.036],[8.523,-5.751],[9.018,-3.391],[9.325,-0.191],[8.966,3.671],[8.43,6.107],[7.723,8.262],[7.068,9.787],[6.407,10.589],[5.549,10.9]],"c":true}]},{"i":{"x":0.667,"y":1},"o":{"x":0.333,"y":0},"t":148,"s":[{"i":[[0.163,0.05],[0.24,0.256],[0.054,0.362],[-0.265,0.623],[-0.229,0.66],[-0.132,0.654],[-0.059,0.753],[0.079,0.966],[0.131,0.644],[0.163,0.51],[0.199,0.46],[0.036,0.164],[-0.065,0.233],[-0.23,0.23],[-0.187,0.062],[-0.236,-0.027],[-0.236,-0.166],[-0.217,-0.435],[-0.212,-0.562],[-0.178,-0.693],[-0.095,-0.604],[0.003,-1.804],[0.188,-1.094],[0.175,-0.633],[0.215,-0.552],[0.145,-0.287],[0.253,-0.178],[0.32,-0.022]],"o":[[-0.163,-0.05],[-0.345,-0.369],[-0.06,-0.393],[0.17,-0.399],[0.228,-0.659],[0.133,-0.654],[0.079,-1.014],[-0.06,-0.719],[-0.13,-0.645],[-0.164,-0.51],[-0.2,-0.46],[-0.035,-0.164],[0.072,-0.257],[0.206,-0.207],[0.187,-0.062],[0.257,0.029],[0.276,0.193],[0.17,0.344],[0.212,0.563],[0.177,0.694],[0.134,0.847],[-0.002,1.996],[-0.12,0.706],[-0.174,0.634],[-0.215,0.551],[-0.168,0.333],[-0.276,0.195],[-0.254,0.016]],"v":[[-0.459,10.848],[-1.191,10.291],[-1.695,9.367],[-1.455,8.185],[-0.729,6.261],[-0.074,3.873],[0.274,1.315],[0.274,-1.359],[-0.071,-3.836],[-0.603,-5.935],[-1.263,-7.699],[-1.692,-8.833],[-1.639,-9.554],[-1.146,-10.35],[-0.431,-10.837],[0.338,-10.901],[1.162,-10.576],[1.869,-9.675],[2.565,-8.027],[3.273,-5.742],[3.768,-3.381],[4.075,-0.182],[3.716,3.681],[3.18,6.117],[2.473,8.272],[1.818,9.797],[1.157,10.598],[0.299,10.909]],"c":true}]},{"i":{"x":0.667,"y":1},"o":{"x":0.167,"y":0},"t":164,"s":[{"i":[[0.163,0.05],[0.24,0.256],[0.054,0.362],[-0.265,0.623],[-0.229,0.66],[-0.132,0.654],[-0.059,0.753],[0.079,0.966],[0.131,0.644],[0.163,0.51],[0.199,0.46],[0.036,0.164],[-0.065,0.233],[-0.23,0.23],[-0.187,0.062],[-0.236,-0.027],[-0.236,-0.166],[-0.217,-0.435],[-0.212,-0.562],[-0.178,-0.693],[-0.095,-0.604],[0.003,-1.804],[0.188,-1.094],[0.175,-0.633],[0.215,-0.552],[0.145,-0.287],[0.253,-0.178],[0.32,-0.022]],"o":[[-0.163,-0.05],[-0.345,-0.369],[-0.06,-0.393],[0.17,-0.399],[0.228,-0.659],[0.133,-0.654],[0.079,-1.014],[-0.06,-0.719],[-0.13,-0.645],[-0.164,-0.51],[-0.2,-0.46],[-0.035,-0.164],[0.072,-0.257],[0.206,-0.207],[0.187,-0.062],[0.257,0.029],[0.276,0.193],[0.17,0.344],[0.212,0.563],[0.177,0.694],[0.134,0.847],[-0.002,1.996],[-0.12,0.706],[-0.174,0.634],[-0.215,0.551],[-0.168,0.333],[-0.276,0.195],[-0.254,0.016]],"v":[[4.791,10.839],[4.059,10.281],[3.555,9.357],[3.795,8.175],[4.521,6.251],[5.176,3.863],[5.524,1.305],[5.524,-1.368],[5.179,-3.846],[4.647,-5.945],[3.987,-7.708],[3.558,-8.842],[3.611,-9.564],[4.104,-10.359],[4.819,-10.846],[5.588,-10.911],[6.412,-10.585],[7.119,-9.685],[7.815,-8.036],[8.523,-5.751],[9.018,-3.391],[9.325,-0.191],[8.966,3.671],[8.43,6.107],[7.723,8.262],[7.068,9.787],[6.407,10.589],[5.549,10.9]],"c":true}]},{"i":{"x":0.667,"y":1},"o":{"x":0.333,"y":0},"t":179,"s":[{"i":[[0.163,0.05],[0.24,0.256],[0.054,0.362],[-0.265,0.623],[-0.229,0.66],[-0.132,0.654],[-0.059,0.753],[0.079,0.966],[0.131,0.644],[0.163,0.51],[0.199,0.46],[0.036,0.164],[-0.065,0.233],[-0.23,0.23],[-0.187,0.062],[-0.236,-0.027],[-0.236,-0.166],[-0.217,-0.435],[-0.212,-0.562],[-0.178,-0.693],[-0.095,-0.604],[0.003,-1.804],[0.188,-1.094],[0.175,-0.633],[0.215,-0.552],[0.145,-0.287],[0.253,-0.178],[0.32,-0.022]],"o":[[-0.163,-0.05],[-0.345,-0.369],[-0.06,-0.393],[0.17,-0.399],[0.228,-0.659],[0.133,-0.654],[0.079,-1.014],[-0.06,-0.719],[-0.13,-0.645],[-0.164,-0.51],[-0.2,-0.46],[-0.035,-0.164],[0.072,-0.257],[0.206,-0.207],[0.187,-0.062],[0.257,0.029],[0.276,0.193],[0.17,0.344],[0.212,0.563],[0.177,0.694],[0.134,0.847],[-0.002,1.996],[-0.12,0.706],[-0.174,0.634],[-0.215,0.551],[-0.168,0.333],[-0.276,0.195],[-0.254,0.016]],"v":[[4.791,10.839],[4.059,10.281],[3.555,9.357],[3.795,8.175],[4.521,6.251],[5.176,3.863],[5.524,1.305],[5.524,-1.368],[5.179,-3.846],[4.647,-5.945],[3.987,-7.708],[3.558,-8.842],[3.611,-9.564],[4.104,-10.359],[4.819,-10.846],[5.588,-10.911],[6.412,-10.585],[7.119,-9.685],[7.815,-8.036],[8.523,-5.751],[9.018,-3.391],[9.325,-0.191],[8.966,3.671],[8.43,6.107],[7.723,8.262],[7.068,9.787],[6.407,10.589],[5.549,10.9]],"c":true}]},{"i":{"x":0.667,"y":1},"o":{"x":0.333,"y":0},"t":195,"s":[{"i":[[0.163,0.05],[0.24,0.256],[0.054,0.362],[-0.265,0.623],[-0.229,0.66],[-0.132,0.654],[-0.059,0.753],[0.079,0.966],[0.131,0.644],[0.163,0.51],[0.199,0.46],[0.036,0.164],[-0.065,0.233],[-0.23,0.23],[-0.187,0.062],[-0.236,-0.027],[-0.236,-0.166],[-0.217,-0.435],[-0.212,-0.562],[-0.178,-0.693],[-0.095,-0.604],[0.003,-1.804],[0.188,-1.094],[0.175,-0.633],[0.215,-0.552],[0.145,-0.287],[0.253,-0.178],[0.32,-0.022]],"o":[[-0.163,-0.05],[-0.345,-0.369],[-0.06,-0.393],[0.17,-0.399],[0.228,-0.659],[0.133,-0.654],[0.079,-1.014],[-0.06,-0.719],[-0.13,-0.645],[-0.164,-0.51],[-0.2,-0.46],[-0.035,-0.164],[0.072,-0.257],[0.206,-0.207],[0.187,-0.062],[0.257,0.029],[0.276,0.193],[0.17,0.344],[0.212,0.563],[0.177,0.694],[0.134,0.847],[-0.002,1.996],[-0.12,0.706],[-0.174,0.634],[-0.215,0.551],[-0.168,0.333],[-0.276,0.195],[-0.254,0.016]],"v":[[-0.459,10.848],[-1.191,10.291],[-1.695,9.367],[-1.455,8.185],[-0.729,6.261],[-0.074,3.873],[0.274,1.315],[0.274,-1.359],[-0.071,-3.836],[-0.603,-5.935],[-1.263,-7.699],[-1.692,-8.833],[-1.639,-9.554],[-1.146,-10.35],[-0.431,-10.837],[0.338,-10.901],[1.162,-10.576],[1.869,-9.675],[2.565,-8.027],[3.273,-5.742],[3.768,-3.381],[4.075,-0.182],[3.716,3.681],[3.18,6.117],[2.473,8.272],[1.818,9.797],[1.157,10.598],[0.299,10.909]],"c":true}]},{"t":211,"s":[{"i":[[0.163,0.05],[0.24,0.256],[0.054,0.362],[-0.265,0.623],[-0.229,0.66],[-0.132,0.654],[-0.059,0.753],[0.079,0.966],[0.131,0.644],[0.163,0.51],[0.199,0.46],[0.036,0.164],[-0.065,0.233],[-0.23,0.23],[-0.187,0.062],[-0.236,-0.027],[-0.236,-0.166],[-0.217,-0.435],[-0.212,-0.562],[-0.178,-0.693],[-0.095,-0.604],[0.003,-1.804],[0.188,-1.094],[0.175,-0.633],[0.215,-0.552],[0.145,-0.287],[0.253,-0.178],[0.32,-0.022]],"o":[[-0.163,-0.05],[-0.345,-0.369],[-0.06,-0.393],[0.17,-0.399],[0.228,-0.659],[0.133,-0.654],[0.079,-1.014],[-0.06,-0.719],[-0.13,-0.645],[-0.164,-0.51],[-0.2,-0.46],[-0.035,-0.164],[0.072,-0.257],[0.206,-0.207],[0.187,-0.062],[0.257,0.029],[0.276,0.193],[0.17,0.344],[0.212,0.563],[0.177,0.694],[0.134,0.847],[-0.002,1.996],[-0.12,0.706],[-0.174,0.634],[-0.215,0.551],[-0.168,0.333],[-0.276,0.195],[-0.254,0.016]],"v":[[4.791,10.839],[4.059,10.281],[3.555,9.357],[3.795,8.175],[4.521,6.251],[5.176,3.863],[5.524,1.305],[5.524,-1.368],[5.179,-3.846],[4.647,-5.945],[3.987,-7.708],[3.558,-8.842],[3.611,-9.564],[4.104,-10.359],[4.819,-10.846],[5.588,-10.911],[6.412,-10.585],[7.119,-9.685],[7.815,-8.036],[8.523,-5.751],[9.018,-3.391],[9.325,-0.191],[8.966,3.671],[8.43,6.107],[7.723,8.262],[7.068,9.787],[6.407,10.589],[5.549,10.9]],"c":true}]}],"ix":2},"nm":"Path 2","mn":"ADBE Vector Shape - Group","hd":false},{"ind":2,"ty":"sh","ix":3,"ks":{"a":1,"k":[{"i":{"x":0.667,"y":1},"o":{"x":0.333,"y":0},"t":89,"s":[{"i":[[0.318,0.163],[0.125,0.164],[0.058,0.222],[-0.035,0.146],[-0.224,0.529],[-0.239,0.743],[-0.133,0.629],[-0.086,0.674],[0,1.203],[0.096,0.749],[0.105,0.52],[0.162,0.578],[0.348,0.866],[-0.003,0.325],[-0.14,0.228],[-0.182,0.14],[-0.363,0.03],[-0.135,-0.034],[-0.204,-0.184],[-0.319,-0.729],[-0.206,-0.598],[-0.182,-0.726],[-0.108,-0.657],[-0.054,-0.63],[0,-0.735],[0.054,-0.631],[0.109,-0.657],[0.2,-0.788],[0.247,-0.683],[0.218,-0.445],[0.243,-0.191],[0.43,-0.027]],"o":[[-0.225,-0.114],[-0.124,-0.164],[-0.059,-0.221],[0.034,-0.147],[0.224,-0.528],[0.238,-0.742],[0.133,-0.629],[0.098,-0.771],[0,-1.188],[-0.084,-0.662],[-0.107,-0.52],[-0.161,-0.578],[-0.47,-1.168],[0.003,-0.284],[0.12,-0.193],[0.235,-0.179],[0.283,-0.023],[0.134,0.034],[0.268,0.243],[0.242,0.553],[0.206,0.598],[0.183,0.726],[0.11,0.657],[0.054,0.63],[0,0.736],[-0.054,0.631],[-0.107,0.657],[-0.202,0.788],[-0.247,0.683],[-0.267,0.547],[-0.283,0.223],[-0.423,0.028]],"v":[[10.791,13.412],[10.155,12.906],[9.823,12.206],[9.78,11.537],[10.25,10.309],[11.092,7.999],[11.768,5.505],[12.165,3.137],[12.321,-0.001],[12.167,-3.115],[11.823,-5.264],[11.335,-7.26],[10.408,-9.885],[9.778,-11.9],[9.999,-12.691],[10.549,-13.296],[11.395,-13.592],[12.155,-13.573],[12.771,-13.176],[13.582,-11.835],[14.397,-9.743],[15.103,-7.337],[15.631,-4.824],[15.926,-2.484],[16.023,-0.001],[15.926,2.484],[15.632,4.824],[15.072,7.451],[14.257,10.124],[13.412,12.176],[12.657,13.268],[11.749,13.587]],"c":true}]},{"i":{"x":0.667,"y":1},"o":{"x":0.333,"y":0},"t":105,"s":[{"i":[[0.318,0.163],[0.125,0.164],[0.058,0.222],[-0.035,0.146],[-0.224,0.529],[-0.239,0.743],[-0.133,0.629],[-0.086,0.674],[0,1.203],[0.096,0.749],[0.105,0.52],[0.162,0.578],[0.348,0.866],[-0.003,0.325],[-0.14,0.228],[-0.182,0.14],[-0.363,0.03],[-0.135,-0.034],[-0.204,-0.184],[-0.319,-0.729],[-0.206,-0.598],[-0.182,-0.726],[-0.108,-0.657],[-0.054,-0.63],[0,-0.735],[0.054,-0.631],[0.109,-0.657],[0.2,-0.788],[0.247,-0.683],[0.218,-0.445],[0.243,-0.191],[0.43,-0.027]],"o":[[-0.225,-0.114],[-0.124,-0.164],[-0.059,-0.221],[0.034,-0.147],[0.224,-0.528],[0.238,-0.742],[0.133,-0.629],[0.098,-0.771],[0,-1.188],[-0.084,-0.662],[-0.107,-0.52],[-0.161,-0.578],[-0.47,-1.168],[0.003,-0.284],[0.12,-0.193],[0.235,-0.179],[0.283,-0.023],[0.134,0.034],[0.268,0.243],[0.242,0.553],[0.206,0.598],[0.183,0.726],[0.11,0.657],[0.054,0.63],[0,0.736],[-0.054,0.631],[-0.107,0.657],[-0.202,0.788],[-0.247,0.683],[-0.267,0.547],[-0.283,0.223],[-0.423,0.028]],"v":[[4.79,13.458],[4.154,12.952],[3.822,12.251],[3.779,11.583],[4.249,10.355],[5.091,8.044],[5.767,5.551],[6.164,3.182],[6.32,0.045],[6.166,-3.069],[5.822,-5.218],[5.334,-7.214],[4.407,-9.84],[3.777,-11.855],[3.998,-12.645],[4.548,-13.25],[5.394,-13.546],[6.154,-13.527],[6.77,-13.13],[7.581,-11.79],[8.396,-9.698],[9.102,-7.291],[9.63,-4.778],[9.925,-2.438],[10.022,0.045],[9.925,2.529],[9.631,4.869],[9.071,7.496],[8.256,10.17],[7.411,12.222],[6.656,13.314],[5.748,13.632]],"c":true}]},{"i":{"x":0.667,"y":1},"o":{"x":0.333,"y":0},"t":120,"s":[{"i":[[0.318,0.163],[0.125,0.164],[0.058,0.222],[-0.035,0.146],[-0.224,0.529],[-0.239,0.743],[-0.133,0.629],[-0.086,0.674],[0,1.203],[0.096,0.749],[0.105,0.52],[0.162,0.578],[0.348,0.866],[-0.003,0.325],[-0.14,0.228],[-0.182,0.14],[-0.363,0.03],[-0.135,-0.034],[-0.204,-0.184],[-0.319,-0.729],[-0.206,-0.598],[-0.182,-0.726],[-0.108,-0.657],[-0.054,-0.63],[0,-0.735],[0.054,-0.631],[0.109,-0.657],[0.2,-0.788],[0.247,-0.683],[0.218,-0.445],[0.243,-0.191],[0.43,-0.027]],"o":[[-0.225,-0.114],[-0.124,-0.164],[-0.059,-0.221],[0.034,-0.147],[0.224,-0.528],[0.238,-0.742],[0.133,-0.629],[0.098,-0.771],[0,-1.188],[-0.084,-0.662],[-0.107,-0.52],[-0.161,-0.578],[-0.47,-1.168],[0.003,-0.284],[0.12,-0.193],[0.235,-0.179],[0.283,-0.023],[0.134,0.034],[0.268,0.243],[0.242,0.553],[0.206,0.598],[0.183,0.726],[0.11,0.657],[0.054,0.63],[0,0.736],[-0.054,0.631],[-0.107,0.657],[-0.202,0.788],[-0.247,0.683],[-0.267,0.547],[-0.283,0.223],[-0.423,0.028]],"v":[[11.791,13.475],[11.155,12.969],[10.823,12.268],[10.78,11.6],[11.25,10.372],[12.092,8.061],[12.768,5.568],[13.165,3.199],[13.321,0.062],[13.167,-3.052],[12.823,-5.201],[12.335,-7.197],[11.408,-9.823],[10.778,-11.838],[10.999,-12.628],[11.549,-13.233],[12.395,-13.529],[13.155,-13.51],[13.771,-13.113],[14.582,-11.773],[15.397,-9.681],[16.103,-7.274],[16.631,-4.761],[16.926,-2.421],[17.023,0.062],[16.926,2.546],[16.632,4.886],[16.072,7.513],[15.257,10.187],[14.412,12.239],[13.657,13.331],[12.749,13.649]],"c":true}]},{"i":{"x":0.667,"y":1},"o":{"x":0.333,"y":0},"t":135,"s":[{"i":[[0.318,0.163],[0.125,0.164],[0.058,0.222],[-0.035,0.146],[-0.224,0.529],[-0.239,0.743],[-0.133,0.629],[-0.086,0.674],[0,1.203],[0.096,0.749],[0.105,0.52],[0.162,0.578],[0.348,0.866],[-0.003,0.325],[-0.14,0.228],[-0.182,0.14],[-0.363,0.03],[-0.135,-0.034],[-0.204,-0.184],[-0.319,-0.729],[-0.206,-0.598],[-0.182,-0.726],[-0.108,-0.657],[-0.054,-0.63],[0,-0.735],[0.054,-0.631],[0.109,-0.657],[0.2,-0.788],[0.247,-0.683],[0.218,-0.445],[0.243,-0.191],[0.43,-0.027]],"o":[[-0.225,-0.114],[-0.124,-0.164],[-0.059,-0.221],[0.034,-0.147],[0.224,-0.528],[0.238,-0.742],[0.133,-0.629],[0.098,-0.771],[0,-1.188],[-0.084,-0.662],[-0.107,-0.52],[-0.161,-0.578],[-0.47,-1.168],[0.003,-0.284],[0.12,-0.193],[0.235,-0.179],[0.283,-0.023],[0.134,0.034],[0.268,0.243],[0.242,0.553],[0.206,0.598],[0.183,0.726],[0.11,0.657],[0.054,0.63],[0,0.736],[-0.054,0.631],[-0.107,0.657],[-0.202,0.788],[-0.247,0.683],[-0.267,0.547],[-0.283,0.223],[-0.423,0.028]],"v":[[10.791,13.412],[10.155,12.906],[9.823,12.206],[9.78,11.537],[10.25,10.309],[11.092,7.999],[11.768,5.505],[12.165,3.137],[12.321,-0.001],[12.167,-3.115],[11.823,-5.264],[11.335,-7.26],[10.408,-9.885],[9.778,-11.9],[9.999,-12.691],[10.549,-13.296],[11.395,-13.592],[12.155,-13.573],[12.771,-13.176],[13.582,-11.835],[14.397,-9.743],[15.103,-7.337],[15.631,-4.824],[15.926,-2.484],[16.023,-0.001],[15.926,2.484],[15.632,4.824],[15.072,7.451],[14.257,10.124],[13.412,12.176],[12.657,13.268],[11.749,13.587]],"c":true}]},{"i":{"x":0.667,"y":1},"o":{"x":0.333,"y":0},"t":151,"s":[{"i":[[0.318,0.163],[0.125,0.164],[0.058,0.222],[-0.035,0.146],[-0.224,0.529],[-0.239,0.743],[-0.133,0.629],[-0.086,0.674],[0,1.203],[0.096,0.749],[0.105,0.52],[0.162,0.578],[0.348,0.866],[-0.003,0.325],[-0.14,0.228],[-0.182,0.14],[-0.363,0.03],[-0.135,-0.034],[-0.204,-0.184],[-0.319,-0.729],[-0.206,-0.598],[-0.182,-0.726],[-0.108,-0.657],[-0.054,-0.63],[0,-0.735],[0.054,-0.631],[0.109,-0.657],[0.2,-0.788],[0.247,-0.683],[0.218,-0.445],[0.243,-0.191],[0.43,-0.027]],"o":[[-0.225,-0.114],[-0.124,-0.164],[-0.059,-0.221],[0.034,-0.147],[0.224,-0.528],[0.238,-0.742],[0.133,-0.629],[0.098,-0.771],[0,-1.188],[-0.084,-0.662],[-0.107,-0.52],[-0.161,-0.578],[-0.47,-1.168],[0.003,-0.284],[0.12,-0.193],[0.235,-0.179],[0.283,-0.023],[0.134,0.034],[0.268,0.243],[0.242,0.553],[0.206,0.598],[0.183,0.726],[0.11,0.657],[0.054,0.63],[0,0.736],[-0.054,0.631],[-0.107,0.657],[-0.202,0.788],[-0.247,0.683],[-0.267,0.547],[-0.283,0.223],[-0.423,0.028]],"v":[[5.041,13.458],[4.405,12.952],[4.073,12.251],[4.03,11.583],[4.5,10.355],[5.342,8.044],[6.018,5.551],[6.415,3.182],[6.571,0.045],[6.417,-3.069],[6.073,-5.218],[5.585,-7.214],[4.658,-9.84],[4.028,-11.855],[4.249,-12.645],[4.799,-13.25],[5.645,-13.546],[6.405,-13.527],[7.021,-13.13],[7.832,-11.79],[8.647,-9.698],[9.353,-7.291],[9.881,-4.778],[10.176,-2.438],[10.273,0.045],[10.176,2.529],[9.882,4.869],[9.322,7.496],[8.507,10.17],[7.662,12.222],[6.907,13.314],[5.999,13.632]],"c":true}]},{"i":{"x":0.667,"y":1},"o":{"x":0.167,"y":0},"t":166,"s":[{"i":[[0.318,0.163],[0.125,0.164],[0.058,0.222],[-0.035,0.146],[-0.224,0.529],[-0.239,0.743],[-0.133,0.629],[-0.086,0.674],[0,1.203],[0.096,0.749],[0.105,0.52],[0.162,0.578],[0.348,0.866],[-0.003,0.325],[-0.14,0.228],[-0.182,0.14],[-0.363,0.03],[-0.135,-0.034],[-0.204,-0.184],[-0.319,-0.729],[-0.206,-0.598],[-0.182,-0.726],[-0.108,-0.657],[-0.054,-0.63],[0,-0.735],[0.054,-0.631],[0.109,-0.657],[0.2,-0.788],[0.247,-0.683],[0.218,-0.445],[0.243,-0.191],[0.43,-0.027]],"o":[[-0.225,-0.114],[-0.124,-0.164],[-0.059,-0.221],[0.034,-0.147],[0.224,-0.528],[0.238,-0.742],[0.133,-0.629],[0.098,-0.771],[0,-1.188],[-0.084,-0.662],[-0.107,-0.52],[-0.161,-0.578],[-0.47,-1.168],[0.003,-0.284],[0.12,-0.193],[0.235,-0.179],[0.283,-0.023],[0.134,0.034],[0.268,0.243],[0.242,0.553],[0.206,0.598],[0.183,0.726],[0.11,0.657],[0.054,0.63],[0,0.736],[-0.054,0.631],[-0.107,0.657],[-0.202,0.788],[-0.247,0.683],[-0.267,0.547],[-0.283,0.223],[-0.423,0.028]],"v":[[11.791,13.475],[11.155,12.969],[10.823,12.268],[10.78,11.6],[11.25,10.372],[12.092,8.061],[12.768,5.568],[13.165,3.199],[13.321,0.062],[13.167,-3.052],[12.823,-5.201],[12.335,-7.197],[11.408,-9.823],[10.778,-11.838],[10.999,-12.628],[11.549,-13.233],[12.395,-13.529],[13.155,-13.51],[13.771,-13.113],[14.582,-11.773],[15.397,-9.681],[16.103,-7.274],[16.631,-4.761],[16.926,-2.421],[17.023,0.062],[16.926,2.546],[16.632,4.886],[16.072,7.513],[15.257,10.187],[14.412,12.239],[13.657,13.331],[12.749,13.649]],"c":true}]},{"i":{"x":0.667,"y":1},"o":{"x":0.333,"y":0},"t":182,"s":[{"i":[[0.318,0.163],[0.125,0.164],[0.058,0.222],[-0.035,0.146],[-0.224,0.529],[-0.239,0.743],[-0.133,0.629],[-0.086,0.674],[0,1.203],[0.096,0.749],[0.105,0.52],[0.162,0.578],[0.348,0.866],[-0.003,0.325],[-0.14,0.228],[-0.182,0.14],[-0.363,0.03],[-0.135,-0.034],[-0.204,-0.184],[-0.319,-0.729],[-0.206,-0.598],[-0.182,-0.726],[-0.108,-0.657],[-0.054,-0.63],[0,-0.735],[0.054,-0.631],[0.109,-0.657],[0.2,-0.788],[0.247,-0.683],[0.218,-0.445],[0.243,-0.191],[0.43,-0.027]],"o":[[-0.225,-0.114],[-0.124,-0.164],[-0.059,-0.221],[0.034,-0.147],[0.224,-0.528],[0.238,-0.742],[0.133,-0.629],[0.098,-0.771],[0,-1.188],[-0.084,-0.662],[-0.107,-0.52],[-0.161,-0.578],[-0.47,-1.168],[0.003,-0.284],[0.12,-0.193],[0.235,-0.179],[0.283,-0.023],[0.134,0.034],[0.268,0.243],[0.242,0.553],[0.206,0.598],[0.183,0.726],[0.11,0.657],[0.054,0.63],[0,0.736],[-0.054,0.631],[-0.107,0.657],[-0.202,0.788],[-0.247,0.683],[-0.267,0.547],[-0.283,0.223],[-0.423,0.028]],"v":[[10.791,13.412],[10.155,12.906],[9.823,12.206],[9.78,11.537],[10.25,10.309],[11.092,7.999],[11.768,5.505],[12.165,3.137],[12.321,-0.001],[12.167,-3.115],[11.823,-5.264],[11.335,-7.26],[10.408,-9.885],[9.778,-11.9],[9.999,-12.691],[10.549,-13.296],[11.395,-13.592],[12.155,-13.573],[12.771,-13.176],[13.582,-11.835],[14.397,-9.743],[15.103,-7.337],[15.631,-4.824],[15.926,-2.484],[16.023,-0.001],[15.926,2.484],[15.632,4.824],[15.072,7.451],[14.257,10.124],[13.412,12.176],[12.657,13.268],[11.749,13.587]],"c":true}]},{"i":{"x":0.667,"y":1},"o":{"x":0.333,"y":0},"t":198,"s":[{"i":[[0.318,0.163],[0.125,0.164],[0.058,0.222],[-0.035,0.146],[-0.224,0.529],[-0.239,0.743],[-0.133,0.629],[-0.086,0.674],[0,1.203],[0.096,0.749],[0.105,0.52],[0.162,0.578],[0.348,0.866],[-0.003,0.325],[-0.14,0.228],[-0.182,0.14],[-0.363,0.03],[-0.135,-0.034],[-0.204,-0.184],[-0.319,-0.729],[-0.206,-0.598],[-0.182,-0.726],[-0.108,-0.657],[-0.054,-0.63],[0,-0.735],[0.054,-0.631],[0.109,-0.657],[0.2,-0.788],[0.247,-0.683],[0.218,-0.445],[0.243,-0.191],[0.43,-0.027]],"o":[[-0.225,-0.114],[-0.124,-0.164],[-0.059,-0.221],[0.034,-0.147],[0.224,-0.528],[0.238,-0.742],[0.133,-0.629],[0.098,-0.771],[0,-1.188],[-0.084,-0.662],[-0.107,-0.52],[-0.161,-0.578],[-0.47,-1.168],[0.003,-0.284],[0.12,-0.193],[0.235,-0.179],[0.283,-0.023],[0.134,0.034],[0.268,0.243],[0.242,0.553],[0.206,0.598],[0.183,0.726],[0.11,0.657],[0.054,0.63],[0,0.736],[-0.054,0.631],[-0.107,0.657],[-0.202,0.788],[-0.247,0.683],[-0.267,0.547],[-0.283,0.223],[-0.423,0.028]],"v":[[5.041,13.458],[4.405,12.952],[4.073,12.251],[4.03,11.583],[4.5,10.355],[5.342,8.044],[6.018,5.551],[6.415,3.182],[6.571,0.045],[6.417,-3.069],[6.073,-5.218],[5.585,-7.214],[4.658,-9.84],[4.028,-11.855],[4.249,-12.645],[4.799,-13.25],[5.645,-13.546],[6.405,-13.527],[7.021,-13.13],[7.832,-11.79],[8.647,-9.698],[9.353,-7.291],[9.881,-4.778],[10.176,-2.438],[10.273,0.045],[10.176,2.529],[9.882,4.869],[9.322,7.496],[8.507,10.17],[7.662,12.222],[6.907,13.314],[5.999,13.632]],"c":true}]},{"t":213,"s":[{"i":[[0.318,0.163],[0.125,0.164],[0.058,0.222],[-0.035,0.146],[-0.224,0.529],[-0.239,0.743],[-0.133,0.629],[-0.086,0.674],[0,1.203],[0.096,0.749],[0.105,0.52],[0.162,0.578],[0.348,0.866],[-0.003,0.325],[-0.14,0.228],[-0.182,0.14],[-0.363,0.03],[-0.135,-0.034],[-0.204,-0.184],[-0.319,-0.729],[-0.206,-0.598],[-0.182,-0.726],[-0.108,-0.657],[-0.054,-0.63],[0,-0.735],[0.054,-0.631],[0.109,-0.657],[0.2,-0.788],[0.247,-0.683],[0.218,-0.445],[0.243,-0.191],[0.43,-0.027]],"o":[[-0.225,-0.114],[-0.124,-0.164],[-0.059,-0.221],[0.034,-0.147],[0.224,-0.528],[0.238,-0.742],[0.133,-0.629],[0.098,-0.771],[0,-1.188],[-0.084,-0.662],[-0.107,-0.52],[-0.161,-0.578],[-0.47,-1.168],[0.003,-0.284],[0.12,-0.193],[0.235,-0.179],[0.283,-0.023],[0.134,0.034],[0.268,0.243],[0.242,0.553],[0.206,0.598],[0.183,0.726],[0.11,0.657],[0.054,0.63],[0,0.736],[-0.054,0.631],[-0.107,0.657],[-0.202,0.788],[-0.247,0.683],[-0.267,0.547],[-0.283,0.223],[-0.423,0.028]],"v":[[11.791,13.475],[11.155,12.969],[10.823,12.268],[10.78,11.6],[11.25,10.372],[12.092,8.061],[12.768,5.568],[13.165,3.199],[13.321,0.062],[13.167,-3.052],[12.823,-5.201],[12.335,-7.197],[11.408,-9.823],[10.778,-11.838],[10.999,-12.628],[11.549,-13.233],[12.395,-13.529],[13.155,-13.51],[13.771,-13.113],[14.582,-11.773],[15.397,-9.681],[16.103,-7.274],[16.631,-4.761],[16.926,-2.421],[17.023,0.062],[16.926,2.546],[16.632,4.886],[16.072,7.513],[15.257,10.187],[14.412,12.239],[13.657,13.331],[12.749,13.649]],"c":true}]}],"ix":2},"nm":"Path 3","mn":"ADBE Vector Shape - Group","hd":false},{"ty":"mm","mm":1,"nm":"Merge Paths 1","mn":"ADBE Vector Filter - Merge","hd":false},{"ty":"fl","c":{"a":0,"k":[0.172999991623,0.184000007779,0.187999994615,1],"ix":4},"o":{"a":0,"k":100,"ix":5},"r":1,"bm":0,"nm":"Fill 1","mn":"ADBE Vector Graphic - Fill","hd":false},{"ty":"tr","p":{"a":0,"k":[16.272,13.865],"ix":2},"a":{"a":0,"k":[0,0],"ix":1},"s":{"a":0,"k":[100,100],"ix":3},"r":{"a":0,"k":0,"ix":6},"o":{"a":0,"k":100,"ix":7},"sk":{"a":0,"k":0,"ix":4},"sa":{"a":0,"k":0,"ix":5},"nm":"Transform"}],"nm":"Group 1","np":5,"cix":2,"bm":0,"ix":1,"mn":"ADBE Vector Group","hd":false}],"ip":27,"op":507,"st":27,"bm":0},{"ddd":0,"ind":6,"ty":4,"nm":"payment Outlines","parent":1,"sr":1,"ks":{"o":{"a":0,"k":100,"ix":11},"r":{"a":1,"k":[{"i":{"x":[0.197],"y":[1]},"o":{"x":[0.328],"y":[0]},"t":41,"s":[56.341]},{"t":92,"s":[0]}],"ix":10},"p":{"a":1,"k":[{"i":{"x":0.222,"y":1},"o":{"x":0.372,"y":0.135},"t":41,"s":[289.093,482.575,0],"to":[-24.833,-60,0],"ti":[52.407,-3.575,0]},{"t":92,"s":[63.093,354.575,0]}],"ix":2},"a":{"a":0,"k":[175,175,0],"ix":1},"s":{"a":0,"k":[95.731,95.731,100],"ix":6}},"ao":0,"shapes":[{"ty":"gr","it":[{"ind":0,"ty":"sh","ix":1,"ks":{"a":0,"k":{"i":[[-34.529,42.652],[0,0],[3.915,-6.593],[0,0],[-2.323,-10.543],[0,0],[0,0],[0,0],[1.434,3.414],[0,0]],"o":[[0,0],[2.066,7.384],[0,0],[-5.513,9.283],[0,0],[0,0],[0,0],[-0.504,-3.669],[0,0],[31.323,4.061]],"v":[[51.917,-89.509],[66.097,-38.837],[63.201,-16.953],[43.285,16.581],[38.322,47.438],[43.982,89.509],[-29.6,89.32],[-35.758,34.291],[-38.678,23.621],[-68.163,-46.605]],"c":true},"ix":2},"nm":"Path 1","mn":"ADBE Vector Shape - Group","hd":false},{"ty":"fl","c":{"a":0,"k":[0.917647118662,0.541176470588,0.490196108351,1],"ix":4},"o":{"a":0,"k":100,"ix":5},"r":1,"bm":0,"nm":"Fill 1","mn":"ADBE Vector Graphic - Fill","hd":false},{"ty":"tr","p":{"a":0,"k":[175.235,235.624],"ix":2},"a":{"a":0,"k":[0,0],"ix":1},"s":{"a":0,"k":[100,100],"ix":3},"r":{"a":0,"k":0,"ix":6},"o":{"a":0,"k":100,"ix":7},"sk":{"a":0,"k":0,"ix":4},"sa":{"a":0,"k":0,"ix":5},"nm":"Transform"}],"nm":"Group 1","np":2,"cix":2,"bm":0,"ix":1,"mn":"ADBE Vector Group","hd":false},{"ty":"gr","it":[{"ind":0,"ty":"sh","ix":1,"ks":{"a":0,"k":{"i":[[2.03,12.884],[-4.351,5.955],[-1.738,-0.943],[-0.024,-0.401],[-0.676,-6.095],[0.037,-2.893]],"o":[[1.734,-9.954],[1.207,-1.652],[0.353,0.191],[0.099,1.619],[0.87,7.849],[-0.111,8.63]],"v":[[-11.939,9.331],[3.356,-20.1],[8.522,-21.272],[9.129,-20.324],[9.549,-7.682],[11.902,6.611]],"c":true},"ix":2},"nm":"Path 1","mn":"ADBE Vector Shape - Group","hd":false},{"ty":"fl","c":{"a":0,"k":[0.917647118662,0.541176470588,0.490196108351,1],"ix":4},"o":{"a":0,"k":100,"ix":5},"r":1,"bm":0,"nm":"Fill 1","mn":"ADBE Vector Graphic - Fill","hd":false},{"ty":"tr","p":{"a":0,"k":[110.473,146.138],"ix":2},"a":{"a":0,"k":[0,0],"ix":1},"s":{"a":0,"k":[100,100],"ix":3},"r":{"a":0,"k":0,"ix":6},"o":{"a":0,"k":100,"ix":7},"sk":{"a":0,"k":0,"ix":4},"sa":{"a":0,"k":0,"ix":5},"nm":"Transform"}],"nm":"Group 2","np":2,"cix":2,"bm":0,"ix":2,"mn":"ADBE Vector Group","hd":false},{"ty":"gr","it":[{"ind":0,"ty":"sh","ix":1,"ks":{"a":0,"k":{"i":[[-14.654,7.935],[-13.868,11.883],[-1.153,2.547],[-1.394,-0.37],[3.11,-8.459],[11.589,-11.803],[0.694,-1.321]],"o":[[22.715,-12.3],[2.117,-1.813],[3.059,-6.764],[4.803,1.279],[-3.971,10.802],[-16.394,16.698],[0,0]],"v":[[-36.026,14.316],[23.572,-29.268],[30.676,-36.21],[36.057,-48.469],[47.571,-19.947],[16.234,15.36],[-14.122,48.839]],"c":true},"ix":2},"nm":"Path 1","mn":"ADBE Vector Shape - Group","hd":false},{"ty":"fl","c":{"a":0,"k":[0.917647118662,0.541176470588,0.490196108351,1],"ix":4},"o":{"a":0,"k":100,"ix":5},"r":1,"bm":0,"nm":"Fill 1","mn":"ADBE Vector Graphic - Fill","hd":false},{"ty":"tr","p":{"a":0,"k":[191.867,207.478],"ix":2},"a":{"a":0,"k":[0,0],"ix":1},"s":{"a":0,"k":[100,100],"ix":3},"r":{"a":0,"k":0,"ix":6},"o":{"a":0,"k":100,"ix":7},"sk":{"a":0,"k":0,"ix":4},"sa":{"a":0,"k":0,"ix":5},"nm":"Transform"}],"nm":"Group 3","np":2,"cix":2,"bm":0,"ix":3,"mn":"ADBE Vector Group","hd":false},{"ty":"gr","it":[{"ind":0,"ty":"sh","ix":1,"ks":{"a":0,"k":{"i":[[-14.654,7.935],[-13.868,11.883],[-1.153,2.547],[-1.394,-0.371],[3.11,-8.458],[11.589,-11.804],[0.694,-1.32]],"o":[[22.715,-12.301],[2.117,-1.814],[3.059,-6.764],[4.803,1.279],[-3.971,10.802],[-16.394,16.697],[0,0]],"v":[[-36.026,14.317],[23.572,-29.267],[30.676,-36.21],[36.057,-48.469],[47.571,-19.948],[16.234,15.361],[-14.122,48.839]],"c":true},"ix":2},"nm":"Path 1","mn":"ADBE Vector Shape - Group","hd":false},{"ty":"fl","c":{"a":0,"k":[0.917647118662,0.541176470588,0.490196108351,1],"ix":4},"o":{"a":0,"k":100,"ix":5},"r":1,"bm":0,"nm":"Fill 1","mn":"ADBE Vector Graphic - Fill","hd":false},{"ty":"tr","p":{"a":0,"k":[188.639,186.658],"ix":2},"a":{"a":0,"k":[0,0],"ix":1},"s":{"a":0,"k":[100,100],"ix":3},"r":{"a":0,"k":0,"ix":6},"o":{"a":0,"k":100,"ix":7},"sk":{"a":0,"k":0,"ix":4},"sa":{"a":0,"k":0,"ix":5},"nm":"Transform"}],"nm":"Group 4","np":2,"cix":2,"bm":0,"ix":4,"mn":"ADBE Vector Group","hd":false},{"ty":"gr","it":[{"ind":0,"ty":"sh","ix":1,"ks":{"a":0,"k":{"i":[[0,0],[-2.648,9.466],[-2.697,-7.554],[-5.053,-9.042],[-12.143,8.964],[-9.758,11.878],[-0.193,2.197],[-1.6,-0.021],[-0.11,-7.16],[7.412,-11.38],[0.2,-1.157]],"o":[[0,0],[3.955,-14.145],[1.478,4.14],[3.346,5.986],[18.823,-13.896],[1.49,-1.813],[0.51,-5.836],[5.52,0.073],[0.14,9.144],[-10.484,16.099],[0,0]],"v":[[-57.756,38.973],[-67.23,1.43],[-43.654,-1.376],[-33.269,17.426],[-3.899,19.976],[41.003,-25.262],[45.661,-32.01],[46.413,-42.557],[69.737,-22.624],[51.04,10.781],[32.645,42.577]],"c":true},"ix":2},"nm":"Path 1","mn":"ADBE Vector Shape - Group","hd":false},{"ty":"fl","c":{"a":0,"k":[0.917647118662,0.541176470588,0.490196108351,1],"ix":4},"o":{"a":0,"k":100,"ix":5},"r":1,"bm":0,"nm":"Fill 1","mn":"ADBE Vector Graphic - Fill","hd":false},{"ty":"tr","p":{"a":0,"k":[166.013,152.905],"ix":2},"a":{"a":0,"k":[0,0],"ix":1},"s":{"a":0,"k":[100,100],"ix":3},"r":{"a":0,"k":0,"ix":6},"o":{"a":0,"k":100,"ix":7},"sk":{"a":0,"k":0,"ix":4},"sa":{"a":0,"k":0,"ix":5},"nm":"Transform"}],"nm":"Group 5","np":2,"cix":2,"bm":0,"ix":5,"mn":"ADBE Vector Group","hd":false},{"ty":"gr","it":[{"ind":0,"ty":"sh","ix":1,"ks":{"a":0,"k":{"i":[[-3.053,0.027],[0,0],[-0.027,-3.053],[3.052,-0.028],[0,0],[0.027,3.053]],"o":[[0,0],[3.054,-0.028],[0.027,3.053],[0,0],[-3.053,0.028],[-0.027,-3.053]],"v":[[-10.781,-5.432],[10.681,-5.624],[16.259,-0.146],[10.781,5.431],[-10.682,5.624],[-16.259,0.146]],"c":true},"ix":2},"nm":"Path 1","mn":"ADBE Vector Shape - Group","hd":false},{"ty":"fl","c":{"a":0,"k":[0,0,0,1],"ix":4},"o":{"a":0,"k":100,"ix":5},"r":1,"bm":0,"nm":"Fill 1","mn":"ADBE Vector Graphic - Fill","hd":false},{"ty":"tr","p":{"a":0,"k":[164.643,17.448],"ix":2},"a":{"a":0,"k":[0,0],"ix":1},"s":{"a":0,"k":[100,100],"ix":3},"r":{"a":0,"k":0,"ix":6},"o":{"a":0,"k":100,"ix":7},"sk":{"a":0,"k":0,"ix":4},"sa":{"a":0,"k":0,"ix":5},"nm":"Transform"}],"nm":"Group 6","np":2,"cix":2,"bm":0,"ix":6,"mn":"ADBE Vector Group","hd":false},{"ty":"gr","it":[{"ind":0,"ty":"sh","ix":1,"ks":{"a":0,"k":{"i":[[-6.974,0.062],[0,0],[-0.063,-6.973],[0,0],[4.06,-0.036],[0,0],[0.036,4.059],[0,0]],"o":[[0,0],[6.973,-0.063],[0,0],[0.037,4.059],[0,0],[-4.06,0.036],[0,0],[-0.062,-6.974]],"v":[[-27.847,-83.12],[26.332,-83.605],[39.072,-71.092],[40.386,75.635],[33.101,83.051],[-31.63,83.632],[-39.046,76.346],[-40.361,-70.38]],"c":true},"ix":2},"nm":"Path 1","mn":"ADBE Vector Shape - Group","hd":false},{"ty":"fl","c":{"a":0,"k":[1,1,1,1],"ix":4},"o":{"a":0,"k":100,"ix":5},"r":1,"bm":0,"nm":"Fill 1","mn":"ADBE Vector Graphic - Fill","hd":false},{"ty":"tr","p":{"a":0,"k":[165.405,101.274],"ix":2},"a":{"a":0,"k":[0,0],"ix":1},"s":{"a":0,"k":[100,100],"ix":3},"r":{"a":0,"k":0,"ix":6},"o":{"a":0,"k":100,"ix":7},"sk":{"a":0,"k":0,"ix":4},"sa":{"a":0,"k":0,"ix":5},"nm":"Transform"}],"nm":"Group 7","np":2,"cix":2,"bm":0,"ix":7,"mn":"ADBE Vector Group","hd":false},{"ty":"gr","it":[{"ind":0,"ty":"sh","ix":1,"ks":{"a":0,"k":{"i":[[-10.354,0.093],[0,0],[-0.093,-10.355],[0,0],[6.924,-0.063],[0,0],[0.062,6.924],[0,0]],"o":[[0,0],[10.354,-0.093],[0,0],[0.062,6.923],[0,0],[-6.923,0.063],[0,0],[-0.092,-10.355]],"v":[[-28.152,-89.776],[26.515,-90.266],[45.431,-71.685],[46.763,77.047],[34.339,89.696],[-32.752,90.296],[-45.401,77.872],[-46.733,-70.859]],"c":true},"ix":2},"nm":"Path 1","mn":"ADBE Vector Shape - Group","hd":false},{"ty":"fl","c":{"a":0,"k":[0,0,0,1],"ix":4},"o":{"a":0,"k":100,"ix":5},"r":1,"bm":0,"nm":"Fill 1","mn":"ADBE Vector Graphic - Fill","hd":false},{"ty":"tr","p":{"a":0,"k":[165.406,101.276],"ix":2},"a":{"a":0,"k":[0,0],"ix":1},"s":{"a":0,"k":[100,100],"ix":3},"r":{"a":0,"k":0,"ix":6},"o":{"a":0,"k":100,"ix":7},"sk":{"a":0,"k":0,"ix":4},"sa":{"a":0,"k":0,"ix":5},"nm":"Transform"}],"nm":"Group 8","np":2,"cix":2,"bm":0,"ix":8,"mn":"ADBE Vector Group","hd":false}],"ip":41,"op":521,"st":41,"bm":0},{"ddd":0,"ind":7,"ty":4,"nm":"sol 3","sr":1,"ks":{"o":{"a":0,"k":100,"ix":11},"r":{"a":1,"k":[{"i":{"x":[0.346],"y":[1]},"o":{"x":[0.464],"y":[0]},"t":0,"s":[179]},{"t":54,"s":[-10]}],"ix":10},"p":{"a":1,"k":[{"i":{"x":0.346,"y":1},"o":{"x":0.464,"y":0},"t":0,"s":[79,-63,0],"to":[-3.5,25.667,0],"ti":[-70.5,-60.667,0]},{"t":54,"s":[175,138,0]}],"ix":2},"a":{"a":0,"k":[172.448,70.604,0],"ix":1},"s":{"a":0,"k":[100,100,100],"ix":6}},"ao":0,"shapes":[{"ty":"gr","it":[{"ty":"gr","it":[{"ind":0,"ty":"sh","ix":1,"ks":{"a":0,"k":{"i":[[0,0],[-3.923,0.168],[-2.851,0.001],[-2.397,-0.115],[-4.008,-0.48],[0,0]],"o":[[3.64,-0.451],[2.767,-0.142],[2.456,0.001],[4.35,0.175],[0,0],[0,0]],"v":[[-19.856,0.577],[-8.454,-0.381],[-0.013,-0.61],[7.267,-0.436],[19.856,0.581],[19.856,0.61]],"c":false},"ix":2},"nm":"Path 1","mn":"ADBE Vector Shape - Group","hd":false},{"ty":"st","c":{"a":0,"k":[1,1,1,1],"ix":3},"o":{"a":0,"k":100,"ix":4},"w":{"a":0,"k":4,"ix":5},"lc":2,"lj":1,"ml":4,"bm":0,"nm":"Stroke 1","mn":"ADBE Vector Graphic - Stroke","hd":false},{"ty":"tr","p":{"a":0,"k":[214.22,251.092],"ix":2},"a":{"a":0,"k":[0,0],"ix":1},"s":{"a":0,"k":[100,100],"ix":3},"r":{"a":0,"k":0,"ix":6},"o":{"a":0,"k":100,"ix":7},"sk":{"a":0,"k":0,"ix":4},"sa":{"a":0,"k":0,"ix":5},"nm":"Transform"}],"nm":"Group 1","np":2,"cix":2,"bm":0,"ix":1,"mn":"ADBE Vector Group","hd":false},{"ty":"gr","it":[{"ind":0,"ty":"sh","ix":1,"ks":{"a":0,"k":{"i":[[0,0],[4.348,-0.172],[2.454,0],[2.762,0.138],[3.671,0.455]],"o":[[-4.008,0.481],[-2.399,0.115],[-2.85,0],[-3.953,-0.174],[0,0]],"v":[[19.855,-0.597],[7.264,0.424],[-0.016,0.597],[-8.423,0.372],[-19.854,-0.59]],"c":false},"ix":2},"nm":"Path 1","mn":"ADBE Vector Shape - Group","hd":false},{"ty":"st","c":{"a":0,"k":[1,1,1,1],"ix":3},"o":{"a":0,"k":100,"ix":4},"w":{"a":0,"k":4,"ix":5},"lc":2,"lj":1,"ml":4,"bm":0,"nm":"Stroke 1","mn":"ADBE Vector Graphic - Stroke","hd":false},{"ty":"tr","p":{"a":0,"k":[214.227,239.555],"ix":2},"a":{"a":0,"k":[0,0],"ix":1},"s":{"a":0,"k":[100,100],"ix":3},"r":{"a":0,"k":0,"ix":6},"o":{"a":0,"k":100,"ix":7},"sk":{"a":0,"k":0,"ix":4},"sa":{"a":0,"k":0,"ix":5},"nm":"Transform"}],"nm":"Group 2","np":2,"cix":2,"bm":0,"ix":2,"mn":"ADBE Vector Group","hd":false},{"ty":"gr","it":[{"ind":0,"ty":"sh","ix":1,"ks":{"a":0,"k":{"i":[[0,0],[-0.786,-3.855],[-0.096,-0.526],[-0.118,-1.079],[0.383,-3.529],[0.196,-1.03],[0.12,-0.528],[1.864,-3.452]],"o":[[1.882,3.455],[0.12,0.504],[0.192,1.031],[0.383,3.529],[-0.12,1.056],[-0.096,0.527],[-0.79,3.843],[0,0]],"v":[[-2.588,-21.046],[1.437,-10.02],[1.749,-8.486],[2.205,-5.321],[2.205,5.297],[1.749,8.437],[1.437,10.044],[-2.566,21.046]],"c":false},"ix":2},"nm":"Path 1","mn":"ADBE Vector Shape - Group","hd":false},{"ty":"st","c":{"a":0,"k":[1,1,1,1],"ix":3},"o":{"a":0,"k":100,"ix":4},"w":{"a":0,"k":4,"ix":5},"lc":2,"lj":1,"ml":4,"bm":0,"nm":"Stroke 1","mn":"ADBE Vector Graphic - Stroke","hd":false},{"ty":"tr","p":{"a":0,"k":[218.825,245.322],"ix":2},"a":{"a":0,"k":[0,0],"ix":1},"s":{"a":0,"k":[100,100],"ix":3},"r":{"a":0,"k":0,"ix":6},"o":{"a":0,"k":100,"ix":7},"sk":{"a":0,"k":0,"ix":4},"sa":{"a":0,"k":0,"ix":5},"nm":"Transform"}],"nm":"Group 3","np":2,"cix":2,"bm":0,"ix":3,"mn":"ADBE Vector Group","hd":false},{"ty":"gr","it":[{"ind":0,"ty":"sh","ix":1,"ks":{"a":0,"k":{"i":[[0,0],[0.816,-3.813],[0.1,-0.529],[0.095,-1.102],[-0.415,-3.536],[-0.194,-1.031],[-0.097,-0.524],[-1.844,-3.428]],"o":[[-1.842,3.437],[-0.097,0.527],[-0.193,1.054],[-0.415,3.535],[0.096,1.078],[0.071,0.527],[0.811,3.806],[0,0]],"v":[[2.583,-21.02],[-1.424,-10.091],[-1.712,-8.531],[-2.167,-5.319],[-2.167,5.324],[-1.734,8.511],[-1.445,10.114],[2.557,21.02]],"c":false},"ix":2},"nm":"Path 1","mn":"ADBE Vector Shape - Group","hd":false},{"ty":"st","c":{"a":0,"k":[1,1,1,1],"ix":3},"o":{"a":0,"k":100,"ix":4},"w":{"a":0,"k":4,"ix":5},"lc":2,"lj":1,"ml":4,"bm":0,"nm":"Stroke 1","mn":"ADBE Vector Graphic - Stroke","hd":false},{"ty":"tr","p":{"a":0,"k":[209.606,245.32],"ix":2},"a":{"a":0,"k":[0,0],"ix":1},"s":{"a":0,"k":[100,100],"ix":3},"r":{"a":0,"k":0,"ix":6},"o":{"a":0,"k":100,"ix":7},"sk":{"a":0,"k":0,"ix":4},"sa":{"a":0,"k":0,"ix":5},"nm":"Transform"}],"nm":"Group 4","np":2,"cix":2,"bm":0,"ix":4,"mn":"ADBE Vector Group","hd":false},{"ty":"gr","it":[{"ind":0,"ty":"sh","ix":1,"ks":{"a":0,"k":{"i":[[-0.001,-2.466],[0.84,-2.33],[0,0],[6.464,-1.871],[1.995,0.002],[0.684,0.088],[1.43,0.468],[0.013,9.181],[-0.86,2.316],[-6.202,2.003],[-1.507,0.141],[-0.681,-0.009],[-1.912,-0.576],[-2.3,-6.334]],"o":[[0,2.476],[0,0],[-2.324,6.315],[-1.915,0.561],[-0.689,0.009],[-1.5,-0.121],[-8.735,-2.826],[-0.003,-2.47],[2.239,-6.121],[1.441,-0.465],[0.676,-0.089],[1.996,-0.004],[6.477,1.857],[0.84,2.318]],"v":[[21.142,-0.008],[19.872,7.255],[19.872,7.279],[5.896,20.299],[0.001,21.141],[-2.06,21.021],[-6.47,20.135],[-21.139,-0.001],[-19.844,-7.239],[-6.469,-20.111],[-2.035,-21.021],[0.003,-21.141],[5.898,-20.279],[19.871,-7.239]],"c":true},"ix":2},"nm":"Path 1","mn":"ADBE Vector Shape - Group","hd":false},{"ty":"st","c":{"a":0,"k":[1,1,1,1],"ix":3},"o":{"a":0,"k":100,"ix":4},"w":{"a":0,"k":4,"ix":5},"lc":2,"lj":1,"ml":4,"bm":0,"nm":"Stroke 1","mn":"ADBE Vector Graphic - Stroke","hd":false},{"ty":"tr","p":{"a":0,"k":[214.225,245.332],"ix":2},"a":{"a":0,"k":[0,0],"ix":1},"s":{"a":0,"k":[100,100],"ix":3},"r":{"a":0,"k":0,"ix":6},"o":{"a":0,"k":100,"ix":7},"sk":{"a":0,"k":0,"ix":4},"sa":{"a":0,"k":0,"ix":5},"nm":"Transform"}],"nm":"Group 5","np":2,"cix":2,"bm":0,"ix":5,"mn":"ADBE Vector Group","hd":false},{"ty":"gr","it":[{"ind":0,"ty":"sh","ix":1,"ks":{"a":0,"k":{"i":[[0,0],[0,0]],"o":[[0,0],[0,0]],"v":[[196.763,295.898],[232.299,295.898]],"c":false},"ix":2},"nm":"Path 1","mn":"ADBE Vector Shape - Group","hd":false},{"ty":"st","c":{"a":0,"k":[1,1,1,1],"ix":3},"o":{"a":0,"k":100,"ix":4},"w":{"a":0,"k":4,"ix":5},"lc":2,"lj":1,"ml":4,"bm":0,"nm":"Stroke 1","mn":"ADBE Vector Graphic - Stroke","hd":false},{"ty":"tr","p":{"a":0,"k":[0,0],"ix":2},"a":{"a":0,"k":[0,0],"ix":1},"s":{"a":0,"k":[100,100],"ix":3},"r":{"a":0,"k":0,"ix":6},"o":{"a":0,"k":100,"ix":7},"sk":{"a":0,"k":0,"ix":4},"sa":{"a":0,"k":0,"ix":5},"nm":"Transform"}],"nm":"Group 6","np":2,"cix":2,"bm":0,"ix":6,"mn":"ADBE Vector Group","hd":false},{"ty":"gr","it":[{"ind":0,"ty":"sh","ix":1,"ks":{"a":0,"k":{"i":[[0,0],[0,0]],"o":[[0,0],[0,0]],"v":[[196.763,282.901],[232.299,282.901]],"c":false},"ix":2},"nm":"Path 1","mn":"ADBE Vector Shape - Group","hd":false},{"ty":"st","c":{"a":0,"k":[1,1,1,1],"ix":3},"o":{"a":0,"k":100,"ix":4},"w":{"a":0,"k":4,"ix":5},"lc":2,"lj":1,"ml":4,"bm":0,"nm":"Stroke 1","mn":"ADBE Vector Graphic - Stroke","hd":false},{"ty":"tr","p":{"a":0,"k":[0,0],"ix":2},"a":{"a":0,"k":[0,0],"ix":1},"s":{"a":0,"k":[100,100],"ix":3},"r":{"a":0,"k":0,"ix":6},"o":{"a":0,"k":100,"ix":7},"sk":{"a":0,"k":0,"ix":4},"sa":{"a":0,"k":0,"ix":5},"nm":"Transform"}],"nm":"Group 7","np":2,"cix":2,"bm":0,"ix":7,"mn":"ADBE Vector Group","hd":false},{"ty":"gr","it":[{"ind":0,"ty":"sh","ix":1,"ks":{"a":0,"k":{"i":[[0,0],[0,0],[0,0],[0,0],[0,0],[0.004,7.173],[0,0],[0,0],[0,0],[0,0],[0,0],[-7.18,0.004],[0,0],[0,0],[0,0],[0,0],[-0.388,-6.874],[0.005,-0.25],[0,0],[0,0],[0,0],[7.18,-0.004]],"o":[[0,0],[0,0],[0,0],[0,0],[-7.18,0.003],[0,0],[0,0],[0,0],[0,0],[0,0],[0,-7.175],[0,0],[0,0],[0,0],[0,0],[6.891,0.001],[0.014,0.246],[0,0],[0,0],[0,0],[0.004,7.173],[0,0]],"v":[[29.036,59.04],[25.016,59.039],[-10.882,59.041],[-10.891,59.039],[-29.031,59.038],[-42.038,46.056],[-42.038,46.051],[-42.035,41.059],[-42.036,7.09],[-42.033,7.082],[-42.035,-46.043],[-29.038,-59.039],[-3.779,-59.041],[20.794,-59.038],[20.803,-59.036],[29.038,-59.035],[42.01,-46.784],[42.033,-46.042],[42.037,29.613],[42.035,29.621],[42.033,46.045],[29.04,59.04]],"c":true},"ix":2},"nm":"Path 1","mn":"ADBE Vector Shape - Group","hd":false},{"ty":"fl","c":{"a":0,"k":[0.698039215686,0.160784313725,0.160784313725,1],"ix":4},"o":{"a":0,"k":100,"ix":5},"r":1,"bm":0,"nm":"Fill 1","mn":"ADBE Vector Graphic - Fill","hd":false},{"ty":"tr","p":{"a":0,"k":[214.057,262.344],"ix":2},"a":{"a":0,"k":[0,0],"ix":1},"s":{"a":0,"k":[100,100],"ix":3},"r":{"a":0,"k":0,"ix":6},"o":{"a":0,"k":100,"ix":7},"sk":{"a":0,"k":0,"ix":4},"sa":{"a":0,"k":0,"ix":5},"nm":"Transform"}],"nm":"Group 8","np":2,"cix":2,"bm":0,"ix":8,"mn":"ADBE Vector Group","hd":false},{"ty":"tr","p":{"a":0,"k":[172.448,70.604],"ix":2},"a":{"a":0,"k":[214.057,262.344],"ix":1},"s":{"a":0,"k":[103,103],"ix":3},"r":{"a":0,"k":0,"ix":6},"o":{"a":0,"k":100,"ix":7},"sk":{"a":0,"k":0,"ix":4},"sa":{"a":0,"k":0,"ix":5},"nm":"Transform"}],"nm":"Group 11","np":8,"cix":2,"bm":0,"ix":1,"mn":"ADBE Vector Group","hd":false}],"ip":0,"op":480,"st":0,"bm":0}],"markers":[]}