<?xml version="1.0" encoding="utf-8"?>
<resources>

    <style name="idenfyDocumentCameraPreviewTitleStyle" parent="android:Widget.TextView">
        <item name="android:textColor">@color/idenfyDocumentCameraPreviewTitleTextColor</item>
        <item name="android:textSize">
            @dimen/idenfy_dimen_document_camera_session_view_information_title_text_size
        </item>
    </style>

    <style name="idenfyDocumentCameraPreviewDescriptionStyle" parent="android:Widget.TextView">
        <item name="android:textColor">@color/idenfyDocumentCameraPreviewDescriptionTextColor</item>
        <item name="android:textSize">13sp</item>
    </style>

    <style name="idenfyDocumentCameraPreviewSessionCurrentInstructionContentStyle" parent="android:Widget.TextView">
        <item name="android:textColor">
            @color/idenfyDocumentCameraPreviewSessionCurrentInstructionContentTextColor
        </item>
        <item name="android:textSize">13sp</item>
    </style>

</resources>