<?xml version="1.0" encoding="utf-8"?>
<resources>

    <style name="idenfyNFCRequiredCommonInformationTitleStyle" parent="android:Widget.TextView">
        <item name="android:textColor">
            @color/idenfyNFCRequiredCommonInformationTitleTextColor
        </item>
        <item name="android:textSize">
            @dimen/idenfy_dimen_country_selection_view_information_title_text_size
        </item>
    </style>

    <style name="idenfyNFCRequiredViewDescriptionStyle" parent="android:Widget.TextView">
        <item name="android:textColor">
            @color/idenfyNFCRequiredCommonInformationDescriptionTextColor
        </item>
        <item name="android:textSize">
            15sp
        </item>
    </style>

    <style name="idenfyNFCRequiredContinueButtonStyle" parent="android:Widget.Button">
        <item name="android:textColor">
            @color/idenfyNFCRequiredContinueButtonTextColor
        </item>
        <item name="android:textSize">12sp</item>
    </style>


</resources>