<?xml version="1.0" encoding="utf-8"?>
<resources>

    <style name="idenfyFaceCameraPreviewTitleStyle" parent="android:Widget.TextView">
        <item name="android:textColor">@color/idenfyFaceCameraPreviewTitleTextColor</item>
        <item name="android:textSize">
            @dimen/idenfy_dimen_face_camera_session_view_information_title_text_size
        </item>
    </style>

    <style name="idenfyFaceCameraPreviewDescriptionStyle" parent="android:Widget.TextView">
        <item name="android:textColor">@color/idenfyFaceCameraPreviewDescriptionTextColor</item>
        <item name="android:textSize">13sp</item>
    </style>

    <style name="idenfyFaceCameraPreviewSessionCurrentInstructionContentStyle" parent="android:Widget.TextView">
        <item name="android:textColor">
            @color/idenfyFaceCameraPreviewSessionCurrentInstructionContentTextColor
        </item>
        <item name="android:textSize">13sp</item>
    </style>

</resources>