<?xml version="1.0" encoding="utf-8"?>
<resources>

    <style name="idenfyProviderSelectionViewTitleStyle" parent="android:Widget.TextView">
        <item name="android:textColor">@color/idenfyProviderSelectionViewTitleTextColor</item>
        <item name="android:textSize">
            @dimen/idenfy_dimen_country_selection_view_information_title_text_size
        </item>
    </style>

    <style name="idenfyProviderSelectionViewDescriptionStyle" parent="android:Widget.TextView">
        <item name="android:textColor">@color/idenfyProviderSelectionViewDescriptionTextColor</item>
        <item name="android:textSize">13sp</item>
    </style>

    <style name="idenfyProviderSelectionViewProviderSearchBarHintStyle" parent="android:Widget.TextView">
        <item name="android:textColor">@color/idenfyProviderSelectionViewProviderSearchBarTextColor
        </item>
        <item name="android:textSize">13sp</item>
    </style>

    <style name="idenfyProviderSelectionViewProviderRecyclerViewItemTitleStyle" parent="android:Widget.TextView">
        <item name="android:textColor">
            @color/idenfyProviderSelectionViewProviderRecyclerViewItemTextColor
        </item>
        <item name="android:textSize">13sp</item>
    </style>

    <style name="idenfyProviderSelectionViewProviderSearchBarStyle" parent="Widget.AppCompat.SearchView">
        <item name="queryBackground">@color/idenfyProviderSelectionViewProviderSearchBarBackgroundColor</item>
        <item name="android:textColorPrimary">@color/idenfySecondColorV2</item>
        <item name="android:textColorSecondary">@color/idenfyInactiveColorV2</item>
    </style>

</resources>