<?xml version="1.0" encoding="utf-8"?>
<resources>

    <style name="idenfyNFCReadingTimeOutCommonInformationTitleStyle" parent="android:Widget.TextView">
        <item name="android:textColor">
            @color/idenfyNFCReadingTimeOutCommonInformationTitleTextColor
        </item>
        <item name="android:textSize">
            @dimen/idenfy_dimen_country_selection_view_information_title_text_size
        </item>
    </style>

    <style name="idenfyNFCReadingTimeOutViewDescriptionStyle" parent="android:Widget.TextView">
        <item name="android:textColor">
            @color/idenfyNFCReadingTimeOutCommonInformationDescriptionTextColor
        </item>
        <item name="android:textSize">
            15sp
        </item>
    </style>

    <style name="idenfyNFCReadingTimeOutContinueButtonStyle" parent="android:Widget.Button">
        <item name="android:textColor">
            @color/idenfyNFCReadingTimeOutContinueButtonTextColor
        </item>
        <item name="android:textSize">12sp</item>
    </style>


</resources>