<resources xmlns:tools="http://schemas.android.com/tools">
    <style name="IdenfyThemeV2" parent="Theme.MaterialComponents.NoActionBar">
        <item name="colorPrimary">@color/idenfyMainColorV2</item>
        <item name="colorPrimaryDark">@color/idenfySecondColorV2</item>
        <item name="colorAccent">@color/idenfyGradientAccentV2</item>
    </style>

    <style name="IdenfyTheme.PopupOverlay" parent="ThemeOverlay.MaterialComponents.Light" />

    <style name="IdenfyStyleAlertDialog" parent="Theme.MaterialComponents.Light.Dialog.Alert">
        <item name="android:windowMinWidthMajor">100%</item>
        <item name="android:windowMinWidthMinor">100%</item>
    </style>

    <style name="LoadingSpinner">
        <item name="android:indeterminateOnly">true</item>
        <item name="android:maxWidth">200dip</item>
        <item name="android:maxHeight">200dip</item>
    </style>

    <style name="LoadingSpinner.Circle">
        <item name="LoadingSpinner_Style">Circle</item>
    </style>

    <style name="LoadingSpinner.FadingCircle">
        <item name="LoadingSpinner_Style">FadingCircle</item>
    </style>

    <style name="idenfyInternetStabilityPopupTitleStyle" parent="android:Widget.TextView">
        <item name="android:textColor">@color/idenfyBlack</item>
        <item name="android:textSize">14sp</item>
    </style>

</resources>
