<?xml version="1.0" encoding="utf-8"?>
<layer-list xmlns:android="http://schemas.android.com/apk/res/android">
    <item>
        <layer-list>
            <item>
                <shape>
                    <stroke
                        android:width="2dip"
                        android:color="@color/idenfyProviderViewSelectionProviderSearchBarBorderColor" />
                    <corners android:radius="4dp" />
                    <solid android:color="@android:color/transparent" />
                    <padding
                        android:bottom="0dip"
                        android:left="12dip"
                        android:right="12dip"
                        android:top="0dip" />
                </shape>
            </item>
        </layer-list>
    </item>
</layer-list>