<?xml version="1.0" encoding="utf-8"?>
<layer-list xmlns:android="http://schemas.android.com/apk/res/android">
    <item>
        <layer-list>
            <item>
                <shape>
                    <padding
                        android:bottom="1.5dp"
                        android:left="1.5dp"
                        android:right="1.5dp"
                        android:top="1.5dp" />
                    <solid android:color="@color/idenfyEmailSMSVerificationCodeInputRetryContainerBorderColor" />
                    <corners android:radius="4dp" />
                </shape>
            </item>
            <item>
                <shape>
                    <solid android:color="@color/idenfyEmailSMSVerificationCodeInputRetryContainerBackgroundColor" />
                    <corners android:radius="4dp" />
                </shape>
            </item>
        </layer-list>
    </item>
</layer-list>