<?xml version="1.0" encoding="utf-8"?>
<layer-list xmlns:android="http://schemas.android.com/apk/res/android">
    <item>
        <layer-list>
            <item>
                <shape>
                    <stroke
                        android:width="1dip"
                        android:color="@color/idenfyErrorRedColorV2" />
                    <corners android:radius="4dp" />
                    <solid android:color="@color/idenfyQuestionnaireViewTextQuestionItemEditTextBackgroundColor" />
                </shape>
            </item>
        </layer-list>
    </item>
</layer-list>