<vector xmlns:android="http://schemas.android.com/apk/res/android"
    xmlns:aapt="http://schemas.android.com/aapt"
    android:width="140dp"
    android:height="140dp"
    android:viewportWidth="140"
    android:viewportHeight="140">
    <path
        android:fillColor="#fff"
        android:pathData="M70,70m-70,0a70,70 0,1 1,140 0a70,70 0,1 1,-140 0"
        android:strokeWidth="2"
        android:strokeColor="#00000000" />
    <path
        android:fillColor="#00000000"
        android:pathData="M70,70m-69,0a69,69 0,1 1,138 0a69,69 0,1 1,-138 0"
        android:strokeWidth="2"
        android:strokeColor="#5d7ce4" />
    <path
        android:fillColor="#c5d3dd"
        android:pathData="M38.958,75.915L17.562,75.915a1.442,1.442 0,1 1,0 -2.874h21.4a1.442,1.442 0,1 1,0 2.874Z" />
    <path
        android:fillColor="#c5d3dd"
        android:pathData="M39.791,84.938L23.531,84.938a1.442,1.442 0,1 1,0 -2.873h16.26a1.442,1.442 0,1 1,0 2.873Z" />
    <path
        android:fillColor="#c5d3dd"
        android:pathData="M43.045,92.477L33.177,92.477a1.442,1.442 0,1 1,0 -2.873h9.867a1.442,1.442 0,1 1,0 2.873Z" />
    <path
        android:fillColor="#c5d3dd"
        android:pathData="M41.25,66.893L24.99,66.893a1.442,1.442 0,1 1,0 -2.874L41.25,64.019a1.442,1.442 0,1 1,0 2.874Z" />
    <path
        android:fillColor="#c5d3dd"
        android:pathData="M44.5,59.354L34.636,59.354a1.442,1.442 0,1 1,0 -2.874L44.5,56.48a1.442,1.442 0,1 1,0 2.874Z" />
    <path
        android:fillColor="#fedf30"
        android:pathData="M58.276,49.1l-7.305,-8.5a1.437,1.437 0,0 0,-2.026 -0.153L44.4,44.362a1.437,1.437 0,0 0,-0.153 2.026l7.305,8.5a1.437,1.437 0,0 0,2.026 0.153l4.547,-3.909a1.437,1.437 0,0 0,0.153 -2.026Z" />
    <path
        android:fillColor="#fbd303"
        android:pathData="M54,38l-3.085,-3.588a1.437,1.437 0,0 0,-2.026 -0.153L38.282,43.381a1.437,1.437 0,0 0,-0.153 2.026L41.214,49a1.437,1.437 0,0 0,2.026 0.153l10.609,-9.121A1.437,1.437 0,0 0,54 38Z" />
    <path
        android:fillColor="#fedf30"
        android:pathData="M105.809,45.343a1.437,1.437 0,0 0,-0.5 -0.981l-4.547,-3.909a1.437,1.437 0,0 0,-2.026 0.153l-7.305,8.5a1.437,1.437 0,0 0,0.153 2.026l4.547,3.909a1.437,1.437 0,0 0,2.026 -0.153l7.306,-8.5A1.438,1.438 0,0 0,105.809 45.343Z" />
    <path
        android:fillColor="#fbd303"
        android:pathData="M111.429,43.381 L100.82,34.26a1.437,1.437 0,0 0,-2.026 0.153L95.709,38a1.437,1.437 0,0 0,0.153 2.026l10.61,9.121a1.437,1.437 0,0 0,0.937 0.347q0.054,0 0.108,0A1.437,1.437 0,0 0,108.5 49l3.085,-3.588A1.436,1.436 0,0 0,111.429 43.381Z" />
    <path
        android:fillColor="#5a6dfe"
        android:pathData="M70.649,32.057h8.817L79.466,44.648L70.649,44.648Z" />
    <path android:pathData="M80.516,24L64.271,24a2.756,2.756 0,0 0,-2.759 2.752L61.512,30.095a2.756,2.756 0,0 0,2.759 2.752L80.429,32.847l3.923,-1.055L84.352,25.121Z">
        <aapt:attr name="android:fillColor">
            <gradient
                android:endX="76.74628"
                android:endY="32.847797"
                android:startX="61.512"
                android:startY="25.229158"
                android:type="linear">
                <item
                    android:color="#FF8D6CFB"
                    android:offset="0" />
                <item
                    android:color="#FF5D7CE4"
                    android:offset="1" />
            </gradient>
        </aapt:attr>
    </path>
    <path
        android:fillColor="#fff"
        android:pathData="M85.85,24L80.1,24a2.752,2.752 0,0 1,2.752 2.752L82.852,30.095A2.752,2.752 0,0 1,80.1 32.846L85.85,32.846A2.752,2.752 0,0 0,88.6 30.095L88.6,26.752A2.752,2.752 0,0 0,85.85 24Z" />
    <path android:pathData="M65.58,112.267a36.949,36.949 0,0 1,7.55 -72.61c3.745,-0.195 36.524,5.817 36.524,35.773 0,21.95 -20.023,39.348 -37.471,37.967A37.143,37.143 0,0 1,65.58 112.267Z">
        <aapt:attr name="android:fillColor">
            <gradient
                android:endX="73.527504"
                android:endY="114.77799"
                android:startX="73.527504"
                android:startY="39.461998"
                android:type="linear">
                <item
                    android:color="#FF8D6CFB"
                    android:offset="0" />
                <item
                    android:color="#FF5D7CE4"
                    android:offset="1" />
            </gradient>
        </aapt:attr>
    </path>
    <path android:pathData="M75.057,39.617q-1.451,0 -2.874,0.111a36.945,36.945 0,0 1,0 73.665q1.422,0.109 2.874,0.111a36.943,36.943 0,0 0,0 -73.886Z">
        <aapt:attr name="android:fillColor">
            <gradient
                android:endX="92.0915"
                android:endY="113.504005"
                android:startX="92.0915"
                android:startY="39.617"
                android:type="linear">
                <item
                    android:color="#FF5D7CE4"
                    android:offset="0" />
                <item
                    android:color="#FF8D6CFB"
                    android:offset="1" />
            </gradient>
        </aapt:attr>
    </path>
    <path
        android:fillColor="#ececec"
        android:pathData="M75.057,105.328a28.77,28.77 0,1 0,-28.77 -28.77A28.77,28.77 0,0 0,75.057 105.328Z" />
    <path
        android:fillColor="#e1e1e1"
        android:pathData="M78.774,48.031a28.841,28.841 0,0 0,-6.625 -0.1c0.292,0.029 0.584,0.061 0.878,0.1a28.773,28.773 0,0 1,-0.811 57.156,28.769 28.769,0 0,0 6.558,-57.156Z" />
    <path
        android:fillColor="#b6c4cf"
        android:pathData="M75.063,56.013a1.337,1.337 0,0 1,-1.337 -1.337L73.726,50.982a1.337,1.337 0,1 1,2.674 0v3.694A1.337,1.337 0,0 1,75.063 56.013Z" />
    <path
        android:fillColor="#b6c4cf"
        android:pathData="M90.65,62.4a1.337,1.337 0,0 1,-0.945 -2.283l2.612,-2.612A1.337,1.337 0,1 1,94.208 59.4L91.6,62.008A1.334,1.334 0,0 1,90.65 62.4Z" />
    <path
        android:fillColor="#b6c4cf"
        android:pathData="M100.849,77.938L97.155,77.938a1.337,1.337 0,0 1,0 -2.674h3.694a1.337,1.337 0,0 1,0 2.674Z" />
    <path
        android:fillColor="#b6c4cf"
        android:pathData="M93.38,96.138a1.334,1.334 0,0 1,-0.946 -0.392l-2.612,-2.612a1.337,1.337 0,1 1,1.891 -1.891l2.612,2.612a1.337,1.337 0,0 1,-0.946 2.283Z" />
    <path
        android:fillColor="#b6c4cf"
        android:pathData="M75.23,103.724a1.337,1.337 0,0 1,-1.337 -1.337L73.893,98.693a1.337,1.337 0,0 1,2.674 0v3.694A1.337,1.337 0,0 1,75.23 103.724Z" />
    <path
        android:fillColor="#b6c4cf"
        android:pathData="M57.03,96.255a1.337,1.337 0,0 1,-0.945 -2.283L58.7,91.36a1.337,1.337 0,0 1,1.891 1.891l-2.612,2.612A1.333,1.333 0,0 1,57.03 96.255Z" />
    <path
        android:fillColor="#b6c4cf"
        android:pathData="M53.138,78.106L49.444,78.106a1.337,1.337 0,1 1,0 -2.674h3.694a1.337,1.337 0,1 1,0 2.674Z" />
    <path
        android:fillColor="#b6c4cf"
        android:pathData="M59.525,62.519a1.332,1.332 0,0 1,-0.945 -0.392l-2.612,-2.612a1.337,1.337 0,0 1,1.891 -1.891l2.612,2.612a1.337,1.337 0,0 1,-0.946 2.283Z" />
    <path
        android:fillColor="#5e6dfd"
        android:pathData="M75.057,75.914a1.437,1.437 0,0 1,-1.437 -1.437L73.62,64.816a1.437,1.437 0,1 1,2.873 0v9.661A1.437,1.437 0,0 1,75.057 75.914Z" />
    <path
        android:fillColor="#5e6dfd"
        android:pathData="M87.145,89.749a1.432,1.432 0,0 1,-1.016 -0.421l-10.46,-10.46A1.437,1.437 0,0 1,77.7 76.837L88.161,87.3a1.437,1.437 0,0 1,-1.016 2.453Z" />
    <path
        android:fillColor="#3e5959"
        android:pathData="M75.249,79.3a2.887,2.887 0,1 1,2.887 -2.887A2.891,2.891 0,0 1,75.249 79.3Z" />
    <path
        android:fillColor="#fbd303"
        android:pathData="M107,98.752m-16.5,0a16.5,16.5 0,1 1,33 0a16.5,16.5 0,1 1,-33 0"
        android:strokeWidth="3"
        android:strokeColor="#fbfbfb" />
    <path
        android:fillColor="#fbfbfb"
        android:pathData="M107,88.752a1.842,1.842 0,0 0,-2 1.624v9.75a2.043,2.043 0,0 0,4 0v-9.75A1.84,1.84 0,0 0,107 88.752Z" />
    <path
        android:fillColor="#fbfbfb"
        android:pathData="M109,105.842a2,2 0,1 1,-2 -2A2,2 0,0 1,109 105.842Z" />
</vector>
