<?xml version="1.0" encoding="utf-8"?>
<resources>

    <style name="idenfyFaceAuthenticationResultsCommonInformationTitleStyle" parent="android:Widget.TextView">
        <item name="android:textColor">
            @color/idenfyFaceAuthenticationResultsCommonInformationTitleTextColor
        </item>
        <item name="android:textSize">
            @dimen/idenfy_dimen_country_selection_view_information_title_text_size
        </item>
    </style>

    <style name="idenfyFaceAuthenticationResultsViewDescriptionStyle" parent="android:Widget.TextView">
        <item name="android:textColor">
            @color/idenfyFaceAuthenticationResultsCommonInformationDescriptionTextColor
        </item>
        <item name="android:textSize">
            15sp
        </item>
    </style>

    <style name="idenfyFaceAuthenticationResultsContinueButtonStyle" parent="android:Widget.Button">
        <item name="android:textColor">
            @color/idenfyFaceAuthenticationResultsContinueButtonTextColor
        </item>
        <item name="android:textSize">12sp</item>
    </style>


</resources>