<?xml version="1.0" encoding="utf-8"?>
<resources>

    <style name="IdenfyTheme.AppBarOverlay" parent="ThemeOverlay.AppCompat.Dark.ActionBar" />

    <style name="idenfyAppBarLayoutBackButtonStyle">
        <item name="android:tint">
            @color/idenfyMainColorV2
        </item>
    </style>

    <style name="idenfyAppBarLayoutIdenfyLogoStyle">
        <item name="android:tint">
            @color/idenfyMainColorV2
        </item>
    </style>

    <style name="idenfyAppBarLayoutLanguageSelectionButtonStyle">
        <item name="android:tint">
            @color/idenfyMainColorV2
        </item>
    </style>

    <style name="idenfyAppBarLayoutCloseButtonStyle">
        <item name="android:tint">
            @color/idenfyMainColorV2
        </item>
    </style>
</resources>