<?xml version="1.0" encoding="utf-8"?>
<resources>

    <style name="idenfyCountrySelectionPredefinedViewTitleStyle" parent="android:Widget.TextView">
        <item name="android:textColor">@color/idenfyCountrySelectionViewTitleTextColor</item>
        <item name="android:textSize">
            @dimen/idenfy_dimen_country_selection_view_information_title_text_size
        </item>
    </style>


    <style name="idenfyCountrySelectionPredefinedViewDescriptionStyle" parent="android:Widget.TextView">
        <item name="android:textColor">@color/idenfyCountrySelectionViewDescriptionTextColor</item>
        <item name="android:textSize">13sp</item>
    </style>

    <style name="idenfyCountrySelectionBeginIdentificationPredefinedViewButtonStyle" parent="android:Widget.Button">
        <item name="android:textColor">
            @color/idenfyDocumentConfirmationViewBeginIdentificationButtonTextColor
        </item>
        <item name="android:textSize">12sp</item>
    </style>


</resources>