<?xml version="1.0" encoding="utf-8"?>
<resources>

    <style name="idenfyCountrySelectionViewTitleStyle" parent="android:Widget.TextView">
        <item name="android:textColor">@color/idenfyCountrySelectionViewTitleTextColor</item>
        <item name="android:textSize">
            @dimen/idenfy_dimen_country_selection_view_information_title_text_size
        </item>
    </style>

    <style name="idenfyCountrySelectionViewDescriptionStyle" parent="android:Widget.TextView">
        <item name="android:textColor">@color/idenfyCountrySelectionViewDescriptionTextColor</item>
        <item name="android:textSize">13sp</item>
    </style>

    <style name="idenfyCountrySelectionViewCountrySearchBarHintStyle" parent="android:Widget.TextView">
        <item name="android:textColor">@color/idenfyCountrySelectionViewCountrySearchBarTextColor
        </item>
        <item name="android:textSize">13sp</item>
    </style>

    <style name="idenfyCountrySelectionViewCountryRecyclerViewItemTitleStyle" parent="android:Widget.TextView">
        <item name="android:textColor">
            @color/idenfyCountrySelectionViewCountryRecyclerViewItemTextColor
        </item>
        <item name="android:textSize">13sp</item>
    </style>

    <style name="idenfyCountrySelectionViewCountrySearchBarStyle" parent="Widget.AppCompat.SearchView">
        <item name="queryBackground">@color/idenfyCountrySelectionViewCountrySearchBarBackgroundColor</item>
        <item name="android:textColorPrimary">@color/idenfySecondColorV2</item>
        <item name="android:textColorSecondary">@color/idenfyInactiveColorV2</item>
    </style>

</resources>