<?xml version="1.0" encoding="utf-8"?>
<resources>

    <style name="idenfyPrivacyPolicyViewTitleStyle" parent="android:Widget.TextView">
        <item name="android:textColor">@color/idenfyPrivacyPolicyCommonInformationTitleTextColor</item>
        <item name="android:textSize">
            @dimen/idenfy_dimen_country_selection_view_information_title_text_size
        </item>
    </style>

    <style name="idenfyPrivacyPolicyDisagreeButtonTitleStyle" parent="android:Widget.TextView">
        <item name="android:textColor">@color/idenfyPrivacyPolicyDisagreeButtonTextColor
        </item>
        <item name="android:textSize">12sp</item>
    </style>

    <style name="idenfyPrivacyPolicyViewButtonStyle" parent="android:Widget.Button">
        <item name="android:textColor">
            @color/idenfyPrivacyPolicyContinueButtonTextColor
        </item>
        <item name="android:textSize">12sp</item>
    </style>

    <!--- Dialog styles -->

    <style name="idenfyPrivacyPolicyDisagreeDialogViewTitleStyle" parent="android:Widget.TextView">
        <item name="android:textColor">@color/idenfyPrivacyPolicyCommonInformationTitleTextColor</item>
        <item name="android:textSize">
            @dimen/idenfy_dimen_country_selection_view_information_title_text_size
        </item>
    </style>

    <style name="idenfyPrivacyPolicyDisagreeDialogViewDescriptionStyle" parent="android:Widget.TextView">
        <item name="android:textColor">@color/idenfyPrivacyPolicyDisagreeDialogViewDescriptionTextColor</item>
        <item name="android:textSize">13sp</item>
    </style>

    <style name="idenfyPrivacyPolicyDisagreeDialogAgreeButtonStyle" parent="android:Widget.TextView">
        <item name="android:textColor">@color/idenfyPrivacyPolicyDisagreeDialogAgreeButtonTextColor
        </item>
        <item name="android:textSize">12sp</item>
    </style>

    <style name="idenfyPrivacyPolicyDisagreeDialogViewCancelButtonTitleStyle" parent="android:Widget.TextView">
        <item name="android:textColor">@color/idenfyPrivacyPolicyDisagreeDialogViewCancelButtonTextColor
        </item>
        <item name="android:textSize">12sp</item>
    </style>

</resources>