<?xml version="1.0" encoding="utf-8"?>
<resources>

    <style name="idenfyMFAGeneralViewTitleStyle" parent="android:Widget.TextView">
        <item name="android:textColor">@color/idenfyMFAGeneralViewTitleTextColor</item>
        <item name="android:textSize">
            @dimen/idenfy_dimen_country_selection_view_information_title_text_size
        </item>
    </style>

    <style name="idenfyMFAGeneralViewDescriptionStyle" parent="android:Widget.TextView">
        <item name="android:textColor">@color/idenfyMFAGeneralViewDescriptionTextColor</item>
        <item name="android:textSize">13sp</item>
    </style>

    <style name="idenfyMFAGeneralViewEditTextTopHintStyle" parent="android:Widget.TextView">
        <item name="android:textColor">@color/idenfyMFAGeneralViewEditTextTopHintTitleColor</item>
        <item name="android:textSize">10sp</item>
    </style>

    <style name="idenfyMFAGeneralViewButtonStyle" parent="android:Widget.Button">
        <item name="android:textColor">
            @color/idenfyMFAGeneralViewContinueButtonTextColor
        </item>
        <item name="android:textSize">12sp</item>
    </style>

</resources>