<?xml version="1.0" encoding="utf-8"?>
<resources>

    <style name="idenfyMFAMethodSelectionViewTitleStyle" parent="android:Widget.TextView">
        <item name="android:textColor">@color/idenfyMFAMethodSelectionViewTitleTextColor</item>
        <item name="android:textSize">
            @dimen/idenfy_dimen_country_selection_view_information_title_text_size
        </item>
    </style>

    <style name="idenfyMFAMethodSelectionViewDescriptionStyle" parent="android:Widget.TextView">
        <item name="android:textColor">@color/idenfyMFAMethodSelectionViewDescriptionTextColor</item>
        <item name="android:textSize">13sp</item>
    </style>

    <style name="idenfyMFAMethodSelectionViewTopHintStyle" parent="android:Widget.TextView">
        <item name="android:textColor">@color/idenfyMFAMethodSelectionViewTopHintTitleColor</item>
        <item name="android:textSize">10sp</item>
    </style>

    <style name="idenfyMFAMethodSelectionViewButtonStyle" parent="android:Widget.Button">
        <item name="android:textColor">
            @color/idenfyMFAMethodSelectionViewContinueButtonTextColor
        </item>
        <item name="android:textSize">12sp</item>
    </style>

</resources>