<?xml version="1.0" encoding="utf-8"?>
<resources>

    <style name="idenfyMFACaptchaMethodViewTitleStyle" parent="android:Widget.TextView">
        <item name="android:textColor">@color/idenfyMFACaptchaMethodViewTitleTextColor</item>
        <item name="android:textSize">
            @dimen/idenfy_dimen_country_selection_view_information_title_text_size
        </item>
    </style>

    <style name="idenfyMFACaptchaMethodViewDescriptionStyle" parent="android:Widget.TextView">
        <item name="android:textColor">@color/idenfyMFACaptchaMethodViewDescriptionTextColor</item>
        <item name="android:textSize">13sp</item>
    </style>

    <style name="idenfyMFACaptchaMethodViewCaptchaEditTextTopHintStyle" parent="android:Widget.TextView">
        <item name="android:textColor">@color/idenfyMFACaptchaMethodViewCaptchaEditTextTopHintTitleColor</item>
        <item name="android:textSize">10sp</item>
    </style>

    <style name="idenfyMFACaptchaMethodViewButtonStyle" parent="android:Widget.Button">
        <item name="android:textColor">
            @color/idenfyMFACaptchaMethodViewContinueButtonTextColor
        </item>
        <item name="android:textSize">12sp</item>
    </style>

</resources>