<?xml version="1.0" encoding="utf-8"?>
<resources>
    <style name="idenfyEmailSMSVerificationViewTitleStyle" parent="android:Widget.TextView">
        <item name="android:textColor">@color/idenfyEmailSMSVerificationCommonInformationTitleTextColor
        </item>
        <item name="android:textSize">
            @dimen/idenfy_dimen_identification_success_results_view_information_title_text_size
        </item>
    </style>

    <style name="idenfyEmailSMSVerificationViewDescriptionStyle" parent="android:Widget.TextView">
        <item name="android:textColor">
            @color/idenfyEmailSMSVerificationCommonInformationDescriptionTextColor
        </item>
        <item name="android:textSize">13sp</item>
    </style>

    <style name="idenfyEmailSMSVerificationViewCodeStatusTitleStyle" parent="android:Widget.TextView">
        <item name="android:textColor">@color/idenfyEmailSMSVerificationViewCodeStatusTitleTextColor</item>
        <item name="android:textSize">14sp</item>
    </style>

    <style name="idenfyEmailSMSVerificationViewCodeExpirationTitleStyle" parent="android:Widget.TextView">
        <item name="android:textColor">
            @color/idenfyEmailSMSVerificationViewCodeExpirationTitleTextColor
        </item>
        <item name="android:textSize">14sp</item>
    </style>

    <style name="idenfyEmailSMSVerificationViewResendCodeTitleStyle" parent="android:Widget.TextView">
        <item name="android:textColor">
            @color/idenfyEmailSMSVerificationViewResendCodeTitleTextColor
        </item>
        <item name="android:textSize">14sp</item>
    </style>

    <style name="idenfyEmailSMSVerificationVerifyEmailSMSContainerTitleStyle" parent="android:Widget.TextView">
        <item name="android:textColor">@color/idenfyEmailSMSVerificationVerifyEmailSMSContainerTitleTextColor</item>
        <item name="android:textSize">15sp</item>
    </style>

    <style name="idenfyEmailSMSVerificationVerifyEmailSMSContainerDescriptionStyle" parent="android:Widget.TextView">
        <item name="android:textColor">@color/idenfyEmailSMSVerificationVerifyEmailSMSContainerDescriptionTextColor</item>
        <item name="android:textSize">12sp</item>
    </style>

    <style name="idenfyEmailSMSVerificationViewEmailSMSInputErrorMessageTextStyle" parent="android:Widget.TextView">
        <item name="android:textColor">@color/idenfyEmailSMSVerificationViewEmailSMSInputFieldErrorMessageTextColor</item>
        <item name="android:textSize">10sp</item>
    </style>

    <style name="idenfyEmailSMSVerificationViewContinueDisabledButtonStyle" parent="android:Widget.Button">
        <item name="android:textColor">@color/idenfyEmailSMSVerificationContinueButtonDisabledTextColor</item>
        <item name="android:textSize">12sp</item>
    </style>
</resources>