<?xml version="1.0" encoding="utf-8"?>
<resources>
    <style name="idenfyBankVerificationViewTitleStyle" parent="android:Widget.TextView">
        <item name="android:textColor">@color/idenfyBankVerificationCommonInformationTitleTextColor
        </item>
        <item name="android:textSize">
            @dimen/idenfy_dimen_identification_success_results_view_information_title_text_size
        </item>
    </style>

    <style name="idenfyBankVerificationViewDescriptionStyle" parent="android:Widget.TextView">
        <item name="android:textColor">
            @color/idenfyBankVerificationCommonInformationDescriptionTextColor
        </item>
        <item name="android:textSize">13sp</item>
    </style>

    <style name="idenfyBankVerificationViewCheckBoxDescriptionStyle" parent="android:Widget.TextView">
        <item name="android:textColor">@color/idenfyBankVerificationViewCheckBoxDescriptionColor</item>
        <item name="android:textSize">14sp</item>
    </style>

    <style name="idenfyBankVerificationViewContinueDisabledButtonStyle" parent="android:Widget.Button">
        <item name="android:textColor">
            @color/idenfyBankVerificationContinueButtonDisabledTextColor
        </item>
        <item name="android:textSize">12sp</item>
    </style>
    <style name="idenfyBankVerificationViewBankRecyclerViewItemTitleStyle" parent="android:Widget.TextView">
        <item name="android:textColor">
            @color/idenfyBankVerificationViewBankRecyclerViewItemTextColor
        </item>
        <item name="android:textSize">13sp</item>
    </style>
</resources>