<?xml version="1.0" encoding="utf-8"?>
<resources>

    <style name="idenfyNFCReadingCommonInformationTitleStyle" parent="android:Widget.TextView">
        <item name="android:textColor">
            @color/idenfyNFCReadingCommonInformationTitleTextColor
        </item>
        <item name="android:textSize">
            @dimen/idenfy_dimen_country_selection_view_information_title_text_size
        </item>
    </style>

    <style name="idenfyNFCReadingViewDescriptionStyle" parent="android:Widget.TextView">
        <item name="android:textColor">
            @color/idenfyNFCReadingCommonInformationDescriptionTextColor
        </item>
        <item name="android:textSize">
            22sp
        </item>
    </style>


</resources>