<?xml version="1.0" encoding="utf-8"?>
<resources>

    <style name="idenfyAdditionalSupportCommonInformationTitleStyle" parent="android:Widget.TextView">
        <item name="android:textColor">
            @color/idenfyAdditionalSupportCommonInformationTitleTextColor
        </item>
        <item name="android:textSize">
            @dimen/idenfy_dimen_country_selection_view_information_title_text_size
        </item>
    </style>

    <style name="idenfyAdditionalSupportViewDescriptionStyle" parent="android:Widget.TextView">
        <item name="android:textColor">
            @color/idenfyAdditionalSupportCommonInformationDescriptionTextColor
        </item>
        <item name="android:textSize">
            15sp
        </item>
    </style>

    <style name="idenfyAdditionalSupportContinueButtonStyle" parent="android:Widget.Button">
        <item name="android:textColor">
            @color/idenfyAdditionalSupportContinueButtonTextColor
        </item>
        <item name="android:textSize">12sp</item>
    </style>


</resources>