<?xml version="1.0" encoding="utf-8"?>
<resources>

    <style name="idenfyEIDSessionViewTitleStyle" parent="android:Widget.TextView">
        <item name="android:textColor">@color/idenfyEIDSessionViewTitleTextColor
        </item>
        <item name="android:textSize">
            @dimen/idenfy_dimen_identification_success_results_view_information_title_text_size
        </item>
    </style>

    <style name="idenfyEIDSessionViewDescriptionStyle" parent="android:Widget.TextView">
        <item name="android:textColor">
            @color/idenfyEIDSessionViewDescriptionTextColor
        </item>
        <item name="android:textSize">13sp</item>
    </style>

    <style name="idenfyEIDSessionViewButtonStyle" parent="android:Widget.Button">
        <item name="android:textColor">
            @color/idenfyEIDSessionViewButtonTextColor
        </item>
        <item name="android:textSize">12sp</item>
    </style>

    <style name="idenfyEIDSessionViewCodeInputErrorMessageTextStyle" parent="android:Widget.TextView">
        <item name="android:textColor">@color/idenfyEIDSessionViewCodeInputFieldErrorMessageTextColor</item>
        <item name="android:textSize">10sp</item>
    </style>

    <style name="idenfyEIDSessionViewCodeStatusTitleStyle" parent="android:Widget.TextView">
        <item name="android:textColor">@color/idenfyEIDSessionViewCodeStatusTitleTextColor</item>
        <item name="android:textSize">14sp</item>
    </style>

    <style name="idenfyEIDSessionViewCodeHintStyle" parent="android:Widget.TextView">
        <item name="android:textColor">
            @color/idenfyEIDSessionViewCodeHintTextColor
        </item>
        <item name="android:textSize">48sp</item>
    </style>
</resources>