<resources xmlns:tools="http://schemas.android.com/tools">
    <style name="IdenfyThemeV2" parent="Theme.MaterialComponents.NoActionBar">
        <item name="colorPrimary">@color/idenfyMainColorV2</item>
        <item name="colorPrimaryDark">@color/idenfySecondColorV2</item>
        <item name="colorAccent">@color/idenfyGradientAccentV2</item>
    </style>

    <style name="IdenfyTheme.PopupOverlay" parent="ThemeOverlay.MaterialComponents.Light" />

    <style name="IdenfyStyleAlertDialog" parent="Theme.MaterialComponents.Light.Dialog.Alert">
        <item name="android:windowMinWidthMajor">100%</item>
        <item name="android:windowMinWidthMinor">100%</item>
    </style>

    <style name="LoadingSpinner">
        <item name="android:indeterminateOnly">true</item>
        <item name="android:maxWidth">200dip</item>
        <item name="android:maxHeight">200dip</item>
    </style>

    <style name="LoadingSpinner.Circle">
        <item name="LoadingSpinner_Style">Circle</item>
    </style>

    <style name="LoadingSpinner.FadingCircle">
        <item name="LoadingSpinner_Style">FadingCircle</item>
    </style>

    <style name="idenfyInternetStabilityPopupTitleStyle" parent="android:Widget.TextView">
        <item name="android:textColor">@color/idenfyBlack</item>
        <item name="android:textSize">14sp</item>
    </style>

    <declare-styleable name="PinField">
        <attr name="noOfFields" format="integer" />
        <attr name="distanceInBetween" format="dimension" />
        <attr name="lineThickness" format="dimension" />
        <attr name="fieldColor" format="color" />
        <attr name="highlightColor" format="color" />
        <attr name="highlightEnabled" format="boolean" />
        <attr name="isCustomBackground" format="boolean" />
        <attr name="isCursorEnabled" format="boolean" />
    </declare-styleable>

    <declare-styleable name="LinePinField">
        <attr name="bottomTextPaddingDp" format="dimension" />
    </declare-styleable>
</resources>
