<?xml version="1.0" encoding="utf-8"?>
<resources>
    <color name="idenfyBackgroundColorV2">#FBFBFB</color>
    <color name="idenfyMainColorV2">#536DFE</color>
    <color name="idenfyMainDarkerColorV2">#5D7CE4</color>
    <color name="idenfySecondColorV2">#F2353B4E</color>
    <color name="idenfyMainColor50percentV2">#80536DFE</color>
    <color name="idenfySecondColor6percentV2">#0F353B4E</color>
    <color name="idenfySecondColor20percentV2">#33353B4E</color>
    <color name="idenfySecondColor50percentV2">#80353B4E</color>
    <color name="idenfySecondColor80percentV2">#CC353B4E</color>
    <color name="idenfyInactiveColorV2">#EFF1F8</color>
    <color name="idenfyStepSuccessColorV2">@color/idenfyMainDarkerColorV2</color>
    <color name="idenfyStepErrorColorV2">#D32F2F</color>
    <color name="idenfyGradientAccentV2">#8D6CFB</color>
    <color name="idenfyFaceOvalStrokeColor">#FFFFFF</color>
    <color name="idenfyTakePhotoButtonBackgroundFocused">@color/idenfyMainDarkerColorV2</color>
    <color name="idenfyTakePhotoButtonIconUnFocused">@color/idenfyMainDarkerColorV2</color>
    <color name="idenfyTransparentCameraOverlayV2">#4D000000</color>
    <color name="idenfyDrawerCurrentInstructionIndicatorColorV2">@color/idenfyMainColorV2</color>
    <color name="idenfyDrawerInstructionControlsTintColorV2">#FFFFFF</color>
    <color name="idenfyPhotoResultDetailsCardBackgroundColorV2">#D9DFFC</color>
    <color name="idenfyRedColorV2">#F44336</color>
    <color name="idenfyErrorRedColorV2">#C1170B</color>
    <color name="idenfyErrorLightRedColorV2">#FFEBEE</color>
    <color name="idenfyGreenColorV2">#9CEE13</color>
    <color name="idenfyGrayColorV2">#CFD8DC</color>
    <color name="idenfyTransparentCameraOverlay">#60ffffff</color>
    <color name="idenfyHelpSheetOverlay">#99000000</color>
    <color name="idenfyLivenessBackgroundColor">#ffffff</color>
    <color name="idenfyBlack">#000000</color>
    <color name="idenfyWhite">#ffffff</color>
    <color name="idenfyWarningLightYellowV2">#FFF3E0</color>
    <color name="idenfyWarningYellowV2">#FF9800</color>
    <color name="idenfyBackgroundGreenV2">#E8f5E9</color>
    <color name="idenfyBorderGreenV2">#00C853</color>
    <color name="idenfyPurpleColor">#734BFB</color>
    <color name="idenfyPurpleBackgroundColor">#EFEBFF</color>
    <color name="idenfyLightBlueColor">#E9F2FF</color>
    <color name="idenfyBlueColor">#1E7AFD</color>
</resources>