<?xml version="1.0" encoding="utf-8"?>
<resources>
    <color name="idenfyEmailSMSVerificationViewBackgroundColor">@color/idenfyBackgroundColorV2</color>
    <color name="idenfyEmailSMSVerificationCommonInformationTitleTextColor">@color/idenfySecondColorV2</color>
    <color name="idenfyEmailSMSVerificationCommonInformationDescriptionTextColor">@color/idenfySecondColorV2</color>
    <color name="idenfyEmailSMSVerificationPinCodeTextColor">@color/idenfySecondColorV2</color>
    <color name="idenfyEmailSMSVerificationCodeInputRetryContainerBorderColor">@color/idenfyBlueColor</color>
    <color name="idenfyEmailSMSVerificationCodeInputRetryContainerBackgroundColor">@color/idenfyLightBlueColor</color>
    <color name="idenfyEmailSMSVerificationCodeInputFailedContainerBorderColor">@color/idenfyErrorRedColorV2</color>
    <color name="idenfyEmailSMSVerificationCodeInputFailedContainerBackgroundColor">@color/idenfyErrorLightRedColorV2</color>
    <color name="idenfyEmailSMSVerificationCodeInputSuccessContainerBorderColor">@color/idenfyBorderGreenV2</color>
    <color name="idenfyEmailSMSVerificationCodeInputSuccessContainerBackgroundColor">@color/idenfyBackgroundGreenV2</color>
    <color name="idenfyEmailSMSVerificationViewCodeStatusTitleTextColor">@color/idenfySecondColorV2</color>
    <color name="idenfyEmailSMSVerificationViewCodeFailedStatusImageTintColor">@color/idenfyErrorRedColorV2</color>
    <color name="idenfyEmailSMSVerificationViewCodeSuccessStatusImageTintColor">@color/idenfyBorderGreenV2</color>
    <color name="idenfyEmailSMSVerificationViewCodeExpirationTitleTextColor">@color/idenfySecondColorV2</color>
    <color name="idenfyEmailSMSVerificationViewResendCodeTitleTextColor">@color/idenfyMainColorV2</color>
    <color name="idenfyEmailSMSVerificationViewResendCodeTitleDisabledTextColor">@color/idenfySecondColor20percentV2</color>
    <color name="idenfyEmailSMSVerificationViewVerifyEmailSMSContainerBorderColor">@color/idenfyPurpleColor</color>
    <color name="idenfyEmailSMSVerificationViewVerifyEmailSMSContainerBackgroundColor">@color/idenfyPurpleBackgroundColor</color>
    <color name="idenfyEmailSMSVerificationVerifyEmailSMSContainerTitleTextColor">@color/idenfySecondColorV2</color>
    <color name="idenfyEmailSMSVerificationVerifyEmailSMSContainerDescriptionTextColor">@color/idenfySecondColorV2</color>
    <color name="idenfyEmailSMSVerificationViewVerifyEmailSMSContainerImageTintColor">@color/idenfyPurpleColor</color>
    <color name="idenfyEmailSMSVerificationEmailSMSInputEditTextBorderColor">@color/idenfySecondColor20percentV2</color>
    <color name="idenfyEmailSMSVerificationEmailSMSInputEditTextBackgroundColor">@color/idenfyWhite</color>
    <color name="idenfyEmailSMSVerificationViewEmailSMSInputEditTextTitleColor">@color/idenfySecondColorV2</color>
    <color name="idenfyEmailSMSVerificationViewEmailSMSInputEditTextHintColor">@color/idenfySecondColor20percentV2</color>
    <color name="idenfyEmailSMSVerificationViewEmailSMSInputFieldErrorMessageTextColor">@color/idenfyErrorRedColorV2</color>
    <color name="idenfyEmailSMSVerificationContinueButtonTextColor">@color/idenfyWhite</color>
    <color name="idenfyEmailSMSVerificationContinueButtonDisabledTextColor">@color/idenfySecondColor50percentV2</color>
    <color name="idenfyEmailSMSVerificationViewContinueButtonDisabledBackgroundColor">@color/idenfySecondColor20percentV2</color>
    <color name="idenfyEmailSMSVerificationContinueButtonEnabledTextColor">@color/idenfyWhite</color>
</resources>