<?xml version="1.0" encoding="utf-8"?>
<resources>

    <color name="idenfyEIDSessionViewBackgroundColor">
        @color/idenfyBackgroundColorV2
    </color>
    <color name="idenfyEIDSessionViewTitleTextColor">@color/idenfySecondColorV2
    </color>
    <color name="idenfyEIDSessionViewDescriptionTextColor">
        @color/idenfySecondColorV2
    </color>
    <color name="idenfyEIDSessionViewButtonTextColor">
        @color/idenfyWhite
    </color>
    <color name="idenfyEIDSessionViewButtonLoadingSpinnerTintColor">
        @color/idenfyWhite
    </color>
    <color name="idenfyEIDSessionViewCodeInputEditTextTitleColor">@color/idenfySecondColorV2</color>
    <color name="idenfyEIDSessionViewCodeInputEditTextHintColor">@color/idenfySecondColor20percentV2</color>
    <color name="idenfyEIDSessionViewCodeInputFieldErrorMessageTextColor">@color/idenfyErrorRedColorV2</color>
    <color name="idenfyEIDSessionViewCodeInputFailedContainerBorderColor">@color/idenfyErrorRedColorV2</color>
    <color name="idenfyEIDSessionViewCodeInputFailedContainerBackgroundColor">@color/idenfyErrorLightRedColorV2</color>
    <color name="idenfyEIDSessionViewCodeStatusTitleTextColor">@color/idenfySecondColorV2</color>
    <color name="idenfyEIDSessionViewCodeFailedStatusImageTintColor">@color/idenfyErrorRedColorV2</color>
    <color name="idenfyEIDSessionViewCodeHintTextColor">@color/idenfySecondColorV2</color>
    <color name="idenfyEIDSessionViewContinueButtonEnabledTextColor">@color/idenfyWhite</color>
    <color name="idenfyEIDSessionViewContinueButtonDisabledTextColor">@color/idenfySecondColor50percentV2</color>
    <color name="idenfyEIDSessionViewContinueButtonDisabledBackgroundColor">@color/idenfySecondColor20percentV2</color>
</resources>