<?xml version="1.0" encoding="utf-8"?>
<resources>
    <color name="idenfyBankVerificationViewBackgroundColor">
        @color/idenfyBackgroundColorV2
    </color>
    <color name="idenfyBankVerificationCommonInformationTitleTextColor">@color/idenfySecondColorV2
    </color>
    <color name="idenfyBankVerificationCommonInformationDescriptionTextColor">
        @color/idenfySecondColorV2
    </color>
    <color name="idenfyBankVerificationViewItemSelectionBorderColor">
        @color/idenfySecondColor20percentV2
    </color>
    <color name="idenfyBankVerificationViewItemSelectionBackgroundColor">@color/idenfyWhite</color>
    <color name="idenfyBankVerificationViewItemSelectionTextColor">@color/idenfySecondColorV2
    </color>
    <color name="idenfyBankVerificationViewItemSelectionTrailingIconTintColor">
        @color/idenfySecondColorV2
    </color>
    <color name="idenfyBankVerificationViewCheckBoxColor">@color/idenfyMainColorV2</color>
    <color name="idenfyBankVerificationViewCheckBoxDescriptionColor">@color/idenfySecondColorV2
    </color>
    <color name="idenfyBankVerificationViewCheckBoxInformationTrailingIconTintColor">@color/idenfySecondColorV2</color>
    <color name="idenfyBankVerificationContinueButtonTextColor">
        @color/idenfyWhite
    </color>
    <color name="idenfyBankVerificationContinueButtonDisabledTextColor">
        @color/idenfySecondColor50percentV2
    </color>
    <color name="idenfyBankVerificationViewContinueButtonDisabledBackgroundColor">
        @color/idenfySecondColor20percentV2
    </color>
    <color name="idenfyBankVerificationContinueButtonEnabledTextColor">@color/idenfyWhite</color>
    <color name="idenfyBankVerificationViewSuccessStatusContainerBackgroundColor">
        @color/idenfyBackgroundGreenV2
    </color>
    <color name="idenfyBankVerificationViewSuccessStatusContainerBorderColor">
        @color/idenfyBorderGreenV2
    </color>
    <color name="idenfyBankVerificationViewFailedStatusContainerBackgroundColor">
        @color/idenfyErrorLightRedColorV2
    </color>
    <color name="idenfyBankVerificationViewFailedStatusContainerBorderColor">
        @color/idenfyRedColorV2
    </color>
    <color name="idenfyBankVerificationViewSuccessStatusDescriptionIconTintColor">
        @color/idenfyMainColorV2
    </color>
    <color name="idenfyBankVerificationViewBanksRecyclerViewItemBorderColor">
        @color/idenfySecondColor6percentV2
    </color>
    <color name="idenfyBankVerificationViewBanksRecyclerViewItemBackgroundColor">
        @color/idenfyWhite
    </color>
    <color name="idenfyBankVerificationViewBankRecyclerViewItemTextColor">
        @color/idenfySecondColorV2
    </color>
</resources>