<?xml version="1.0" encoding="utf-8"?>
<resources>

    <color name="idenfyFaceAuthenticationResultsViewBackgroundColor">
        @color/idenfyBackgroundColorV2
    </color>
    <color name="idenfyFaceAuthenticationResultsCommonInformationTitleTextColor">@color/idenfySecondColorV2
    </color>
    <color name="idenfyFaceAuthenticationResultsCommonInformationDescriptionTextColor">@color/idenfySecondColorV2
    </color>
    <color name="idenfyFaceAuthenticationResultsContinueButtonTextColor">
        @color/idenfyWhite
    </color>

</resources>